method,eta,batch_mode,seed,mean_lastN_train,mean_lastN_val,N,all_nan
adagrad,1e-08,full,42,2.2580310796330427,1.922757299017944,50,False
adagrad,1e-08,full,1337,2.968210776863771,2.4230895097551493,50,False
adagrad,1e-08,full,31415,2.2999927042998487,2.062895972883522,50,False
adagrad,1e-08,sgd,42,2.250027362891215,1.9164455165726222,50,False
adagrad,1e-08,sgd,1337,2.9587566347729637,2.415493198001944,50,False
adagrad,1e-08,sgd,31415,2.29268647280158,2.0565250540327646,50,False
adagrad,1.7782794100389228e-08,full,42,2.257306902852242,1.9221838019985282,50,False
adagrad,1.7782794100389228e-08,full,1337,2.96729596243106,2.4223533928493284,50,False
adagrad,1.7782794100389228e-08,full,31415,2.2992751624450602,2.062278240891587,50,False
adagrad,1.7782794100389228e-08,sgd,42,2.2430895965923088,1.91097153805233,50,False
adagrad,1.7782794100389228e-08,sgd,1337,2.950499440190552,2.4088576367855135,50,False
adagrad,1.7782794100389228e-08,sgd,31415,2.286294187098254,2.050958880671227,50,False
adagrad,3.162277660168379e-08,full,42,2.25601946286117,1.9211642318797928,50,False
adagrad,3.162277660168379e-08,full,1337,2.9656695694705877,2.4210446981976257,50,False
adagrad,3.162277660168379e-08,full,31415,2.2979994892106173,2.061180006609881,50,False
adagrad,3.162277660168379e-08,sgd,42,2.230786238085685,1.9012631475384172,50,False
adagrad,3.162277660168379e-08,sgd,1337,2.935849917872761,2.3970853270503936,50,False
adagrad,3.162277660168379e-08,sgd,31415,2.274952193032994,2.041082366206237,50,False
adagrad,5.6234132519034905e-08,full,42,2.2537311373443227,1.9193519981969018,50,False
adagrad,5.6234132519034905e-08,full,1337,2.9627786617218153,2.4187185070557318,50,False
adagrad,5.6234132519034905e-08,full,31415,2.2957319871530872,2.0592278797213077,50,False
adagrad,5.6234132519034905e-08,sgd,42,2.2090146341075614,1.8840806619117487,50,False
adagrad,5.6234132519034905e-08,sgd,1337,2.9099066286459396,2.3762379771497293,50,False
adagrad,5.6234132519034905e-08,sgd,31415,2.2548628620771414,2.0235877541027962,50,False
adagrad,1e-07,full,42,2.2496653412319074,1.9161320180240724,50,False
adagrad,1e-07,full,1337,2.957641846069721,2.414585157277866,50,False
adagrad,1e-07,full,31415,2.2917029015036188,2.055759110547636,50,False
adagrad,1e-07,sgd,42,2.1706371676486707,1.8537835006351278,50,False
adagrad,1e-07,sgd,1337,2.8641120524174255,2.3394405421039703,50,False
adagrad,1e-07,sgd,31415,2.2193909497398887,1.9926942249908448,50,False
adagrad,1.7782794100389227e-07,full,42,2.242446241240821,1.9104144591261305,50,False
adagrad,1.7782794100389227e-07,full,1337,2.948519880436072,2.4072452379325178,50,False
adagrad,1.7782794100389227e-07,full,31415,2.2845480744992877,2.049599074236363,50,False
adagrad,1.7782794100389227e-07,sgd,42,2.1034591119899044,1.8007206034955048,50,False
adagrad,1.7782794100389227e-07,sgd,1337,2.783747841526503,2.274871307276076,50,False
adagrad,1.7782794100389227e-07,sgd,31415,2.157109738320603,1.938441733355941,50,False
adagrad,3.162277660168379e-07,full,42,2.2296435045810794,1.900273801053094,50,False
adagrad,3.162277660168379e-07,full,1337,2.932338705096344,2.3942254647333048,50,False
adagrad,3.162277660168379e-07,full,31415,2.271856453994073,2.038671383230089,50,False
adagrad,3.162277660168379e-07,sgd,42,1.9873591699065312,1.708921097595326,50,False
adagrad,3.162277660168379e-07,sgd,1337,2.6442070273427505,2.162775525234822,50,False
adagrad,3.162277660168379e-07,sgd,31415,2.048874542830811,1.8441274736418136,50,False
adagrad,5.62341325190349e-07,full,42,2.2069867635899065,1.8823254346243539,50,False
adagrad,5.62341325190349e-07,full,1337,2.903691150722176,2.371175838079015,50,False
adagrad,5.62341325190349e-07,full,31415,2.2493873108136913,2.0193229174894247,50,False
adagrad,5.62341325190349e-07,sgd,42,1.7914448301393338,1.5537037162947058,50,False
adagrad,5.62341325190349e-07,sgd,1337,2.4066143789833405,1.9719755925710782,50,False
adagrad,5.62341325190349e-07,sgd,31415,1.86433997631369,1.683225297507991,50,False
adagrad,1e-06,full,42,2.1670445145865322,1.8506752638104416,50,False
adagrad,1e-06,full,1337,2.8531490546911407,2.330512880393647,50,False
adagrad,1e-06,full,31415,2.209747360332564,1.9851815599782396,50,False
adagrad,1e-06,sgd,42,1.4759090552992689,1.3026675238800363,50,False
adagrad,1e-06,sgd,1337,2.0168875262904944,1.6592109211664308,50,False
adagrad,1e-06,sgd,31415,1.5611434024539248,1.418525364916226,50,False
adagrad,1.778279410038923e-06,full,42,2.0971134992215226,1.7952348934723252,50,False
adagrad,1.778279410038923e-06,full,1337,2.7645363105506884,2.259229838116047,50,False
adagrad,1.778279410038923e-06,full,31415,2.140256685949434,1.92530820798112,50,False
adagrad,1.778279410038923e-06,sgd,42,1.0182005455863603,0.9341647614784967,50,False
adagrad,1.778279410038923e-06,sgd,1337,1.4242671312932953,1.1843259826280255,50,False
adagrad,1.778279410038923e-06,sgd,31415,1.1000293592792718,1.0148464744109638,50,False
adagrad,3.162277660168379e-06,full,42,1.9762144362479166,1.6992995444438457,50,False
adagrad,3.162277660168379e-06,full,1337,2.61093853605979,2.135699974395274,50,False
adagrad,3.162277660168379e-06,full,31415,2.0198430726894596,1.821489037626917,50,False
adagrad,3.162277660168379e-06,sgd,42,0.5002584546640223,0.5025885654513739,50,False
adagrad,3.162277660168379e-06,sgd,1337,0.68310047017079,0.5904443209999027,50,False
adagrad,3.162277660168379e-06,sgd,31415,0.5198472507276309,0.5029796642052812,50,False
adagrad,5.623413251903491e-06,full,42,1.7720866365767147,1.537028491843541,50,False
adagrad,5.623413251903491e-06,full,1337,2.3502714665895867,1.9261554024465983,50,False
adagrad,5.623413251903491e-06,full,31415,1.815692794354142,1.6452443366985146,50,False
adagrad,5.623413251903491e-06,sgd,42,0.17057972839579633,0.19803562355711926,50,False
adagrad,5.623413251903491e-06,sgd,1337,0.15598729774627176,0.17669619081175766,50,False
adagrad,5.623413251903491e-06,sgd,31415,0.1471416578822615,0.16856543953727582,50,False
adagrad,1e-05,full,42,1.443063291827449,1.2744677364469543,50,False
adagrad,1e-05,full,1337,1.9255400371024944,1.585037058717214,50,False
adagrad,1e-05,full,31415,1.4841390232871863,1.3582520068084105,50,False
adagrad,1e-05,sgd,42,0.13696116183796833,0.16678296998633546,50,False
adagrad,1e-05,sgd,1337,0.1373258851609538,0.1663812565101222,50,False
adagrad,1e-05,sgd,31415,0.1449330607871041,0.16641149927629023,50,False
adagrad,1.778279410038923e-05,full,42,0.9659193694123864,0.8892860566329932,50,False
adagrad,1.778279410038923e-05,full,1337,1.290252337962813,1.0757715841521545,50,False
adagrad,1.778279410038923e-05,full,31415,0.9937811588608958,0.9311717679874282,50,False
adagrad,1.778279410038923e-05,sgd,42,0.13644303315588582,0.16618060839971108,50,False
adagrad,1.778279410038923e-05,sgd,1337,0.1367737756700683,0.16572885132326737,50,False
adagrad,1.778279410038923e-05,sgd,31415,0.14452570596687922,0.16595024602106723,50,False
adagrad,3.1622776601683795e-05,full,42,0.43412373250777975,0.4452811031179816,50,False
adagrad,3.1622776601683795e-05,full,1337,0.5346862876939256,0.47081598286379533,50,False
adagrad,3.1622776601683795e-05,full,31415,0.4224622138879651,0.4192998218624611,50,False
adagrad,3.1622776601683795e-05,sgd,42,0.13554056625788163,0.16513200799906144,50,False
adagrad,3.1622776601683795e-05,sgd,1337,0.13575135992315793,0.16452326924555088,50,False
adagrad,3.1622776601683795e-05,sgd,31415,0.14380327018632275,0.16513072774592888,50,False
adagrad,5.623413251903491e-05,full,42,0.13938018148084852,0.16852885609796256,50,False
adagrad,5.623413251903491e-05,full,1337,0.13742119281789938,0.16646818690129636,50,False
adagrad,5.623413251903491e-05,full,31415,0.1449691494054899,0.16728162940996863,50,False
adagrad,5.623413251903491e-05,sgd,42,0.13399604847658758,0.16333776354968002,50,False
adagrad,5.623413251903491e-05,sgd,1337,0.13394001133716782,0.1623637294418085,50,False
adagrad,5.623413251903491e-05,sgd,31415,0.14252892284001864,0.163671492083338,50,False
adagrad,0.0001,full,42,0.1366133421360903,0.16615471664098144,50,False
adagrad,0.0001,full,1337,0.13701721554206728,0.16600854981840676,50,False
adagrad,0.0001,full,31415,0.14459530711675414,0.16683760775540515,50,False
adagrad,0.0001,sgd,42,0.13140878494722816,0.1603116168453414,50,False
adagrad,0.0001,sgd,1337,0.13056812867134612,0.1583599033707569,50,False
adagrad,0.0001,sgd,31415,0.14024036033614898,0.16103779996927783,50,False
adagrad,0.00017782794100389227,full,42,0.1358467029752581,0.16518071413662372,50,False
adagrad,0.00017782794100389227,full,1337,0.13627475593589147,0.16513317791447094,50,False
adagrad,0.00017782794100389227,full,31415,0.14393701936244768,0.16597989866014856,50,False
adagrad,0.00017782794100389227,sgd,42,0.126898729368877,0.15506252458963823,50,False
adagrad,0.00017782794100389227,sgd,1337,0.12260660123170913,0.1489207204127803,50,False
adagrad,0.00017782794100389227,sgd,31415,0.13599672950154812,0.15612593108575148,50,False
adagrad,0.00031622776601683794,full,42,0.1343804441899572,0.16358411904681508,50,False
adagrad,0.00031622776601683794,full,1337,0.13495760313131813,0.16335148275523964,50,False
adagrad,0.00031622776601683794,full,31415,0.14275054646160074,0.16476350677346768,50,False
adagrad,0.00031622776601683794,sgd,42,0.11945655837572926,0.14640615823925077,50,False
adagrad,0.00031622776601683794,sgd,1337,0.09009056215468622,0.10994411539063063,50,False
adagrad,0.00031622776601683794,sgd,31415,0.12432550233669869,0.14220949378012052,50,False
adagrad,0.0005623413251903491,full,42,0.13160771196439888,0.159779992150274,50,False
adagrad,0.0005623413251903491,full,1337,0.1326402744958648,0.16084492940926964,50,False
adagrad,0.0005623413251903491,full,31415,0.1404557395559276,0.1617816132661655,50,False
adagrad,0.0005623413251903491,sgd,42,0.10250885141501156,0.12656262416101552,50,False
adagrad,0.0005623413251903491,sgd,1337,0.012703029525357021,0.014631989865209465,50,False
adagrad,0.0005623413251903491,sgd,31415,0.10656018890945768,0.12113229723893898,50,False
adagrad,0.001,full,42,0.12634815450635148,0.15290591641231244,50,False
adagrad,0.001,full,1337,0.12809308428554794,0.15531962108855757,50,False
adagrad,0.001,full,31415,0.1367627671296303,0.15718234873945647,50,False
adagrad,0.001,sgd,42,0.03498936688179513,0.04471225567404171,50,False
adagrad,0.001,sgd,1337,0.0025285836788541184,0.0024060098708734074,50,False
adagrad,0.001,sgd,31415,0.05286825747607453,0.05735717224767833,50,False
adagrad,0.0017782794100389228,full,42,0.1143461718105259,0.13905074885221114,50,False
adagrad,0.0017782794100389228,full,1337,0.1182272884051752,0.1433996289825821,50,False
adagrad,0.0017782794100389228,full,31415,0.13123396789531103,0.14969129218943983,50,False
adagrad,0.0017782794100389228,sgd,42,0.00526168906674242,0.007021017402139685,50,False
adagrad,0.0017782794100389228,sgd,1337,0.01179035372652377,0.009525857502049153,50,False
adagrad,0.0017782794100389228,sgd,31415,0.013493746550046338,0.013110471279487335,50,False
adagrad,0.0031622776601683794,full,42,0.11453577779703913,0.1370062424460278,50,False
adagrad,0.0031622776601683794,full,1337,0.10803700966398494,0.12808235164556142,50,False
adagrad,0.0031622776601683794,full,31415,0.1225410620691051,0.14131536356963437,50,False
adagrad,0.0031622776601683794,sgd,42,0.014950621712828389,0.015451149683680603,50,False
adagrad,0.0031622776601683794,sgd,1337,0.008703052148633822,0.0049626968423610975,50,False
adagrad,0.0031622776601683794,sgd,31415,0.0022838568220725384,0.002455488117641332,50,False
adagrad,0.005623413251903491,full,42,0.1094267071214368,0.1289548626736722,50,False
adagrad,0.005623413251903491,full,1337,0.11519823280840474,0.13171203817414698,50,False
adagrad,0.005623413251903491,full,31415,0.11912018913274036,0.1349279947607559,50,False
adagrad,0.005623413251903491,sgd,42,0.014966723194190828,0.016941912994212535,50,False
adagrad,0.005623413251903491,sgd,1337,0.0018211457924407193,0.0018574164957171051,50,False
adagrad,0.005623413251903491,sgd,31415,0.0033075253382823396,0.004924729555575026,50,False
adagrad,0.01,full,42,0.2776702537152849,0.25783812684857715,50,False
adagrad,0.01,full,1337,0.1525924727437108,0.14666418803621903,50,False
adagrad,0.01,full,31415,0.21434007683238673,0.21882477110190873,50,False
adagrad,0.01,sgd,42,0.009125006965080283,0.011956383928445972,50,False
adagrad,0.01,sgd,1337,0.0022071337624744725,0.00272422608589221,50,False
adagrad,0.01,sgd,31415,0.0025667858999953753,0.004473948681450494,50,False
adagrad,0.01778279410038923,full,42,1.2551052453095293,1.098582142624616,50,False
adagrad,0.01778279410038923,full,1337,3.349268790472588,2.6566908392640456,50,False
adagrad,0.01778279410038923,full,31415,2.3071603819048176,1.9118587720885,50,False
adagrad,0.03162277660168379,full,42,38.656288924362215,28.39257293535146,50,False
adagrad,0.03162277660168379,full,1337,15.00316543635395,11.676398649209117,50,False
adagrad,0.03162277660168379,full,31415,17.03440000505873,15.14691836887056,50,False
adagrad,0.05623413251903491,full,42,10031.078494805008,6572.251395709783,50,False
adagrad,0.05623413251903491,full,1337,3166.6959908394724,2307.3903893369456,50,False
adagrad,0.05623413251903491,full,31415,5651.311933241908,4824.6166325412705,50,False
adagrad,0.1,full,42,1378001.7751613427,979378.6260557222,50,False
adagrad,0.1,full,1337,669782.5532907157,497593.45319100266,50,False
adagrad,0.1,full,31415,913727.9694429684,818031.0802089721,50,False
adagrad,0.1778279410038923,full,42,120121862.19241638,105424667.06426473,50,False
adagrad,0.1778279410038923,full,1337,86035204.3647166,72478308.60174192,50,False
adagrad,0.1778279410038923,full,31415,78181636.06613451,71047136.9370049,50,False
adagrad,0.31622776601683794,full,42,10604535979.339947,10199242771.408,50,False
adagrad,0.31622776601683794,full,1337,6793614474.377856,5846030434.229069,50,False
adagrad,0.31622776601683794,full,31415,5247012050.920272,4822272370.51955,50,False
adagrad,0.5623413251903491,full,42,530013048970.81335,496586976641.8301,50,False
adagrad,0.5623413251903491,full,1337,336068429790.7426,249227819776.65652,50,False
adagrad,0.5623413251903491,full,31415,314965327962.1889,289643534603.20154,50,False
adagrad,1.0,full,42,21874955880881.645,20054157404566.97,50,False
adagrad,1.0,full,1337,12630161070287.914,10773442030601.846,50,False
adagrad,1.0,full,31415,12390481766261.006,11427563598023.805,50,False
adagradmomentum,1e-08,full,42,2.249751004016841,1.9161998614861309,50,False
adagradmomentum,1e-08,full,1337,2.957750079294726,2.4146722470149364,50,False
adagradmomentum,1e-08,full,31415,2.2917877946277154,2.0558321987868875,50,False
adagradmomentum,1e-08,sgd,42,2.1706453771277263,1.8537900464942225,50,False
adagradmomentum,1e-08,sgd,1337,2.8641218009984932,2.3394483740380747,50,False
adagradmomentum,1e-08,sgd,31415,2.219398012332876,1.99270027343534,50,False
adagradmomentum,1.7782794100389228e-08,full,42,2.2425982776669144,1.910534876708322,50,False
adagradmomentum,1.7782794100389228e-08,full,1337,2.9487120076027695,2.4073998304347493,50,False
adagradmomentum,1.7782794100389228e-08,full,31415,2.284698769310002,2.0497288200275547,50,False
adagradmomentum,1.7782794100389228e-08,sgd,42,2.1034733787304623,1.8007319930070864,50,False
adagradmomentum,1.7782794100389228e-08,sgd,1337,2.783764875810549,2.2748849902017825,50,False
adagradmomentum,1.7782794100389228e-08,sgd,31415,2.1571220565139377,1.9384522908781938,50,False
adagradmomentum,3.162277660168379e-08,full,42,2.2299129324400213,1.9004872195641855,50,False
adagradmomentum,3.162277660168379e-08,full,1337,2.932679280886484,2.3944994968032276,50,False
adagradmomentum,3.162277660168379e-08,full,31415,2.27212358131654,2.0389013944530543,50,False
adagradmomentum,3.162277660168379e-08,sgd,42,1.9873834993655117,1.7089405650546186,50,False
adagradmomentum,3.162277660168379e-08,sgd,1337,2.644236372052808,2.162799089353911,50,False
adagradmomentum,3.162277660168379e-08,sgd,31415,2.048895689975097,1.8441456241409324,50,False
adagradmomentum,5.6234132519034905e-08,full,42,2.2074629262278354,1.8827026853640552,50,False
adagradmomentum,5.6234132519034905e-08,full,1337,2.904293378385864,2.3716603748463023,50,False
adagradmomentum,5.6234132519034905e-08,full,31415,2.24985965011973,2.0197296874761546,50,False
adagradmomentum,5.6234132519034905e-08,sgd,42,1.7914848550801343,1.5537358880436747,50,False
adagradmomentum,5.6234132519034905e-08,sgd,1337,2.406663601638453,1.9720150958121139,50,False
adagradmomentum,5.6234132519034905e-08,sgd,31415,1.8643752090453847,1.6832556208879228,50,False
adagradmomentum,1e-07,full,42,2.1678819335151664,1.8513389646461693,50,False
adagradmomentum,1e-07,full,1337,2.854209218816227,2.3313657843978,50,False
adagradmomentum,1e-07,full,31415,2.2105788163007616,1.9858977855625215,50,False
adagradmomentum,1e-07,sgd,42,1.475970285398626,1.3027172255374415,50,False
adagradmomentum,1e-07,sgd,1337,2.016965885548662,1.6592737342141166,50,False
adagradmomentum,1e-07,sgd,31415,1.5611986951423633,1.4185732235640085,50,False
adagradmomentum,1.7782794100389227e-07,full,42,2.0985732365022924,1.7963925783954533,50,False
adagradmomentum,1.7782794100389227e-07,full,1337,2.7663876623343095,2.2607190095202436,50,False
adagradmomentum,1.7782794100389227e-07,full,31415,2.1417084044229524,1.9265593443283635,50,False
adagradmomentum,1.7782794100389227e-07,sgd,42,1.0182810140695295,0.9342301220040805,50,False
adagradmomentum,1.7782794100389227e-07,sgd,1337,1.424378506829226,1.1844150316519535,50,False
adagradmomentum,1.7782794100389227e-07,sgd,31415,1.100105319214881,1.0149131213338094,50,False
adagradmomentum,3.162277660168379e-07,full,42,1.9787176459138311,1.7012872770456366,50,False
adagradmomentum,3.162277660168379e-07,full,1337,2.614124204767821,2.138261642937284,50,False
adagradmomentum,3.162277660168379e-07,full,31415,2.0223398680548668,1.8236428162664522,50,False
adagradmomentum,3.162277660168379e-07,sgd,42,0.5003202414838726,0.5026443634816862,50,False
adagradmomentum,3.162277660168379e-07,sgd,1337,0.6832168164986957,0.5905367564820727,50,False
adagradmomentum,3.162277660168379e-07,sgd,31415,0.5199196024928813,0.5030460091573771,50,False
adagradmomentum,5.62341325190349e-07,full,42,1.776247635583012,1.540340994300542,50,False
adagradmomentum,5.62341325190349e-07,full,1337,2.355603419240303,1.9304403778415478,50,False
adagradmomentum,5.62341325190349e-07,full,31415,1.8198653511401692,1.6488500655263647,50,False
adagradmomentum,5.62341325190349e-07,sgd,42,0.1705997712395712,0.19805292064297295,50,False
adagradmomentum,5.62341325190349e-07,sgd,1337,0.15599866023170741,0.1767051371305734,50,False
adagradmomentum,5.62341325190349e-07,sgd,31415,0.14713794426553092,0.1685616935527301,50,False
adagradmomentum,1e-06,full,42,1.4495576454487409,1.2796672564124958,50,False
adagradmomentum,1e-06,full,1337,1.9339899143760015,1.5918191246518973,50,False
adagradmomentum,1e-06,full,31415,1.4907161724213274,1.3639571916631126,50,False
adagradmomentum,1e-06,sgd,42,0.13696194351444782,0.16678018105587186,50,False
adagradmomentum,1e-06,sgd,1337,0.13732645259775433,0.1663863487008829,50,False
adagradmomentum,1e-06,sgd,31415,0.1449340688509089,0.16641097917985825,50,False
adagradmomentum,1.778279410038923e-06,full,42,0.9746877753460198,0.8964219005949547,50,False
adagradmomentum,1.778279410038923e-06,full,1337,1.3020173648694728,1.085202229312869,50,False
adagradmomentum,1.778279410038923e-06,full,31415,1.002823371244073,0.9390914977540596,50,False
adagradmomentum,1.778279410038923e-06,sgd,42,0.13644340584043813,0.1661743295624535,50,False
adagradmomentum,1.778279410038923e-06,sgd,1337,0.13677438821415977,0.16573865374227673,50,False
adagradmomentum,1.778279410038923e-06,sgd,31415,0.14452789509336916,0.16594976893385013,50,False
adagradmomentum,3.162277660168379e-06,full,42,0.44152311213511797,0.4517126215475328,50,False
adagradmomentum,3.162277660168379e-06,full,1337,0.5466748748881958,0.48028371929790026,50,False
adagradmomentum,3.162277660168379e-06,full,31415,0.43118886178964383,0.42729148042914994,50,False
adagradmomentum,3.162277660168379e-06,sgd,42,0.13553812749756278,0.16511773579612352,50,False
adagradmomentum,3.162277660168379e-06,sgd,1337,0.13574969308742954,0.16453235300736557,50,False
adagradmomentum,3.162277660168379e-06,sgd,31415,0.14380756221188878,0.16513068559667626,50,False
adagradmomentum,5.623413251903491e-06,full,42,0.14023938768060154,0.16927368893550032,50,False
adagradmomentum,5.623413251903491e-06,full,1337,0.13743489529490854,0.1664922363782318,50,False
adagradmomentum,5.623413251903491e-06,full,31415,0.14498047425840752,0.16729060416774647,50,False
adagradmomentum,5.623413251903491e-06,sgd,42,0.13398726032597996,0.16330859375540663,50,False
adagradmomentum,5.623413251903491e-06,sgd,1337,0.13393736445684679,0.16237970082914394,50,False
adagradmomentum,5.623413251903491e-06,sgd,31415,0.14253910759600255,0.1636761340138142,50,False
adagradmomentum,1e-05,full,42,0.13663004768843912,0.16624784765347558,50,False
adagradmomentum,1e-05,full,1337,0.13704329358735315,0.16603660080296526,50,False
adagradmomentum,1e-05,full,31415,0.14461328157588751,0.16686859127888107,50,False
adagradmomentum,1e-05,sgd,42,0.1313986397011477,0.16027038359680112,50,False
adagradmomentum,1e-05,sgd,1337,0.130554873106422,0.15837663368964855,50,False
adagradmomentum,1e-05,sgd,31415,0.14026275719507145,0.1610428299089607,50,False
adagradmomentum,1.778279410038923e-05,full,42,0.13588083223596514,0.16536186430274344,50,False
adagradmomentum,1.778279410038923e-05,full,1337,0.13631482487143523,0.16519133934594982,50,False
adagradmomentum,1.778279410038923e-05,full,31415,0.1439574857435967,0.16611690719143415,50,False
adagradmomentum,1.778279410038923e-05,sgd,42,0.12688614628101072,0.155003926832949,50,False
adagradmomentum,1.778279410038923e-05,sgd,1337,0.12220643714108503,0.14850259914650166,50,False
adagradmomentum,1.778279410038923e-05,sgd,31415,0.13604697834694698,0.15616346267565126,50,False
adagradmomentum,3.1622776601683795e-05,full,42,0.134368438289189,0.16356884743179456,50,False
adagradmomentum,3.1622776601683795e-05,full,1337,0.13479928056607787,0.16340156899199598,50,False
adagradmomentum,3.1622776601683795e-05,full,31415,0.14259994043140703,0.1645306688744099,50,False
adagradmomentum,3.1622776601683795e-05,sgd,42,0.11943651937860199,0.1463405202012947,50,False
adagradmomentum,3.1622776601683795e-05,sgd,1337,0.0865895319051016,0.10581524327760025,50,False
adagradmomentum,3.1622776601683795e-05,sgd,31415,0.12745226178358837,0.14612526417978589,50,False
adagradmomentum,5.623413251903491e-05,full,42,0.13114356668659524,0.15975507182386797,50,False
adagradmomentum,5.623413251903491e-05,full,1337,0.13127660638507208,0.15921058394382379,50,False
adagradmomentum,5.623413251903491e-05,full,31415,0.14000179637009524,0.1614856917170211,50,False
adagradmomentum,5.623413251903491e-05,sgd,42,0.10139124870455836,0.12525722099869546,50,False
adagradmomentum,5.623413251903491e-05,sgd,1337,0.011169013698869253,0.012617203159755438,50,False
adagradmomentum,5.623413251903491e-05,sgd,31415,0.10298421912031525,0.11663491509426238,50,False
adagradmomentum,0.0001,full,42,0.12452021801688323,0.15175223030216872,50,False
adagradmomentum,0.0001,full,1337,0.12124731104622123,0.14735562422693305,50,False
adagradmomentum,0.0001,full,31415,0.13609099598788219,0.1568647439605254,50,False
adagradmomentum,0.0001,sgd,42,0.02840193139640262,0.03676113380553242,50,False
adagradmomentum,0.0001,sgd,1337,0.0024328073787328254,0.0023942856706066578,50,False
adagradmomentum,0.0001,sgd,31415,0.05007396031965038,0.05447744383097061,50,False
adagradmomentum,0.00017782794100389227,full,42,0.10977796979944283,0.13362343140125874,50,False
adagradmomentum,0.00017782794100389227,full,1337,0.09640538537777253,0.11767889069042767,50,False
adagradmomentum,0.00017782794100389227,full,31415,0.125167748768726,0.14426069761144558,50,False
adagradmomentum,0.00017782794100389227,sgd,42,0.011956012725995016,0.00987581364692449,50,False
adagradmomentum,0.00017782794100389227,sgd,1337,0.0024498744946140315,0.0025734864733751644,50,False
adagradmomentum,0.00017782794100389227,sgd,31415,0.0074392032901772365,0.006754114312124051,50,False
adagradmomentum,0.00031622776601683794,full,42,0.0781295324881259,0.09640291247837864,50,False
adagradmomentum,0.00031622776601683794,full,1337,0.03375462330938487,0.040839348935872495,50,False
adagradmomentum,0.00031622776601683794,full,31415,0.0998895094635306,0.11469345636201232,50,False
adagradmomentum,0.00031622776601683794,sgd,42,0.0031902181529634265,0.0057839207429479355,50,False
adagradmomentum,0.00031622776601683794,sgd,1337,0.0019152968345373955,0.0015448763098691845,50,False
adagradmomentum,0.00031622776601683794,sgd,31415,0.004593014226358974,0.0033536082885063084,50,False
adagradmomentum,0.0005623413251903491,full,42,0.046511810270683004,0.05500833302903797,50,False
adagradmomentum,0.0005623413251903491,full,1337,0.02236841582873774,0.019382362540813606,50,False
adagradmomentum,0.0005623413251903491,full,31415,0.05673159351091321,0.06074038668487984,50,False
adagradmomentum,0.0005623413251903491,sgd,42,0.0025893408484547894,0.004335265994332319,50,False
adagradmomentum,0.0005623413251903491,sgd,1337,0.0022407582167582813,0.0016724253249663775,50,False
adagradmomentum,0.0005623413251903491,sgd,31415,0.004769185074258175,0.004342037862855281,50,False
adagradmomentum,0.001,full,42,0.037616459934110176,0.03790844137013378,50,False
adagradmomentum,0.001,full,1337,0.0059039281595917835,0.004677999664628832,50,False
adagradmomentum,0.001,full,31415,0.025027100133167998,0.023301766096650373,50,False
adagradmomentum,0.001,sgd,42,0.00186457697248289,0.0024645457972145234,50,False
adagradmomentum,0.001,sgd,1337,0.005268662215694151,0.005269428184538003,50,False
adagradmomentum,0.001,sgd,31415,0.0038818107994767607,0.007400057329562479,50,False
adagradmomentum,0.0017782794100389228,full,42,0.15811713094205407,0.14368301755981208,50,False
adagradmomentum,0.0017782794100389228,full,1337,0.010981805533187797,0.00923038690158682,50,False
adagradmomentum,0.0017782794100389228,full,31415,0.03737612587278674,0.03675124562862997,50,False
adagradmomentum,0.0017782794100389228,sgd,42,0.003934721114037884,0.004022764191478335,50,False
adagradmomentum,0.0017782794100389228,sgd,1337,0.006677294702638482,0.00573830761341982,50,False
adagradmomentum,0.0017782794100389228,sgd,31415,0.0029225568200561586,0.0056457426792106465,50,False
adagradmomentum,0.0031622776601683794,full,42,0.02342149936610042,0.018684781462726705,50,False
adagradmomentum,0.0031622776601683794,full,1337,0.11546472977337935,0.08458738360986257,50,False
adagradmomentum,0.0031622776601683794,full,31415,0.18107929280903548,0.15752470002379612,50,False
adagradmomentum,0.0031622776601683794,sgd,42,0.0025065421152351396,0.003126487181362922,50,False
adagradmomentum,0.0031622776601683794,sgd,1337,0.0018457117894713094,0.0016356584151886865,50,False
adagradmomentum,0.0031622776601683794,sgd,31415,0.003308098854261641,0.003971193462940308,50,False
adagradmomentum,0.005623413251903491,full,42,0.05074712492374017,0.04226091404192237,50,False
adagradmomentum,0.005623413251903491,full,1337,0.10160183955977592,0.07955148083815873,50,False
adagradmomentum,0.005623413251903491,full,31415,0.18837086410495993,0.16355156270350743,50,False
adagradmomentum,0.005623413251903491,sgd,42,0.0017069573084847376,0.0021964981134168907,50,False
adagradmomentum,0.005623413251903491,sgd,1337,0.0026082918069264276,0.0024924939802128203,50,False
adagradmomentum,0.005623413251903491,sgd,31415,0.002036988126584621,0.0018957789775719766,50,False
adagradmomentum,0.01,full,42,1.8077789003473348,1.450396711004183,50,False
adagradmomentum,0.01,full,1337,1.6211099764142067,1.2935131493271461,50,False
adagradmomentum,0.01,full,31415,3.9301590689974564,2.8696948443046075,50,False
adagradmomentum,0.01,sgd,42,0.003904080477269915,0.004184531474695905,50,False
adagradmomentum,0.01,sgd,1337,0.0035929007775107004,0.0046724671273232245,50,False
adagradmomentum,0.01,sgd,31415,0.05524505198666493,0.04249362486088381,50,False
adagradmomentum,0.01778279410038923,full,42,31.83384731372488,25.5790126705386,50,False
adagradmomentum,0.01778279410038923,full,1337,45.62531437468453,37.07549360326653,50,False
adagradmomentum,0.01778279410038923,full,31415,39.579557275196386,28.49837709014555,50,False
adagradmomentum,0.03162277660168379,full,42,310.1738961239357,204.3602878837277,50,False
adagradmomentum,0.03162277660168379,full,1337,477.0115600895448,256.76949895311014,50,False
adagradmomentum,0.03162277660168379,full,31415,7315.582885004022,2320.0968807383983,50,False
adagradmomentum,0.05623413251903491,full,42,14968.302279040749,7453.307700868146,50,False
adagradmomentum,0.05623413251903491,full,1337,121987.32421548538,42909.34681084872,50,False
adagradmomentum,0.05623413251903491,full,31415,65.27879640993321,60.171742783792034,50,False
adagradmomentum,0.1,full,42,346575.48829871544,282246.4386412524,50,False
adagradmomentum,0.1,full,1337,1210955.8617238116,350034.0260015784,50,False
adagradmomentum,0.1,full,31415,5099577.022575712,3541294.3948344802,50,False
adagradmomentum,0.1778279410038923,full,42,335255247.8226055,30310418.22012115,50,False
adagradmomentum,0.1778279410038923,full,1337,5611660.053406996,3366844.7086021737,50,False
adagradmomentum,0.1778279410038923,full,31415,15493742.851719212,11626533.33158864,50,False
adagradmomentum,0.31622776601683794,full,42,12023873.788490884,11656039.365586663,50,False
adagradmomentum,0.31622776601683794,full,1337,1124013363.625687,234140852.5331498,50,False
adagradmomentum,0.31622776601683794,full,31415,74259077.85586248,27297860.067109738,50,False
adagradmomentum,0.5623413251903491,full,42,167170546.43207,99352750.31841524,50,False
adagradmomentum,0.5623413251903491,full,1337,80740631699.52483,21914869980.77181,50,False
adagradmomentum,0.5623413251903491,full,31415,157708422.09310752,145642805.58456486,50,False
adagradmomentum,1.0,full,42,3330321220.1641517,3227983215.7492504,50,False
adagradmomentum,1.0,full,1337,163669607.47809437,114510657.1875934,50,False
adagradmomentum,1.0,full,31415,465355752737.8109,271952990211.59625,50,False
adam,1e-08,full,42,2.255008692840338,1.9203594047566164,50,False
adam,1e-08,full,1337,2.9644573458789574,2.4200744095142026,50,False
adam,1e-08,full,31415,2.2975226774315547,2.0607557344105683,50,False
adam,1e-08,sgd,42,1.9875959800952527,1.710388131421561,50,False
adam,1e-08,sgd,1337,2.6450311758120217,2.1632056772182127,50,False
adam,1e-08,sgd,31415,2.0831333754403762,1.8742999932090465,50,False
adam,1.7782794100389228e-08,full,42,2.2519349464144325,1.9179217468981835,50,False
adam,1.7782794100389228e-08,full,1337,2.9606243618280543,2.416994177436879,50,False
adam,1.7782794100389228e-08,full,31415,2.294884586709536,2.058473851468876,50,False
adam,1.7782794100389228e-08,sgd,42,1.7916459353606586,1.5559887944060713,50,False
adam,1.7782794100389228e-08,sgd,1337,2.407811541254707,1.9725703869344957,50,False
adam,1.7782794100389228e-08,sgd,31415,1.92233668056795,1.7343436269359993,50,False
adam,3.162277660168379e-08,full,42,2.24647513473963,1.9135916551452559,50,False
adam,3.162277660168379e-08,full,1337,2.9538152380550065,2.4115223420720593,50,False
adam,3.162277660168379e-08,full,31415,2.2901975808604114,2.054419648749667,50,False
adam,3.162277660168379e-08,sgd,42,1.4761188360688324,1.3060541934903116,50,False
adam,3.162277660168379e-08,sgd,1337,2.0182497032486597,1.659781080728535,50,False
adam,3.162277660168379e-08,sgd,31415,1.6550882074702258,1.5014533651897275,50,False
adam,5.6234132519034905e-08,full,42,2.2367855666219314,1.905906544200354,50,False
adam,5.6234132519034905e-08,full,1337,2.9417288200460563,2.4018098395061966,50,False
adam,5.6234132519034905e-08,full,31415,2.2818762344738177,2.0472215987460816,50,False
adam,5.6234132519034905e-08,sgd,42,1.0204806459124318,0.9394677765692567,50,False
adam,5.6234132519034905e-08,sgd,1337,1.424865049805731,1.1842097535925353,50,False
adam,5.6234132519034905e-08,sgd,31415,1.239400137510408,1.1383101443385442,50,False
adam,1e-07,full,42,2.219616460952167,1.8922876933233546,50,False
adam,1e-07,full,1337,2.920305661196819,2.384595026585661,50,False
adam,1e-07,full,31415,2.267121114101381,2.034457674522743,50,False
adam,1e-07,sgd,42,0.5040892406096968,0.5071208848464457,50,False
adam,1e-07,sgd,1337,0.6860546271123663,0.5915314055105698,50,False
adam,1e-07,sgd,31415,0.6921532075924156,0.6573336436753773,50,False
adam,1.7782794100389227e-07,full,42,2.18927985504456,1.8682194424494936,50,False
adam,1.7782794100389227e-07,full,1337,2.882430033204169,2.3541615011350094,50,False
adam,1.7782794100389227e-07,full,31415,2.241016945041249,2.0118743627979043,50,False
adam,1.7782794100389227e-07,sgd,42,0.17364587263083667,0.20072840056311342,50,False
adam,1.7782794100389227e-07,sgd,1337,0.16066276266984192,0.17830283129985186,50,False
adam,1.7782794100389227e-07,sgd,31415,0.20380660464962794,0.2190896722503469,50,False
adam,3.162277660168379e-07,full,42,2.1359485069807604,1.825892764531655,50,False
adam,3.162277660168379e-07,full,1337,2.8157734139236807,2.3006079531551666,50,False
adam,3.162277660168379e-07,full,31415,2.19502180154446,1.9720768934750081,50,False
adam,3.162277660168379e-07,sgd,42,0.1370292428447337,0.16701436937049943,50,False
adam,3.162277660168379e-07,sgd,1337,0.13733066436286095,0.16619366467745322,50,False
adam,3.162277660168379e-07,sgd,31415,0.1450077499867862,0.1665674079563605,50,False
adam,5.62341325190349e-07,full,42,2.043053886177453,1.752118098517275,50,False
adam,5.62341325190349e-07,full,1337,2.6994361844538677,2.2071583459251327,50,False
adam,5.62341325190349e-07,full,31415,2.114573449193897,1.9024492918137554,50,False
adam,5.62341325190349e-07,sgd,42,0.13651591333030613,0.16641130484501854,50,False
adam,5.62341325190349e-07,sgd,1337,0.13679954590466042,0.1655870491942672,50,False
adam,5.62341325190349e-07,sgd,31415,0.14453605306414857,0.16602565274936992,50,False
adam,1e-06,full,42,1.88398825916654,1.6256336028812222,50,False
adam,1e-06,full,1337,2.499465477470571,2.046587831843038,50,False
adam,1e-06,full,31415,1.9757542450783723,1.782238912993101,50,False
adam,1e-06,sgd,42,0.13558863460537357,0.16532753970083583,50,False
adam,1e-06,sgd,1337,0.13568768057475353,0.16428042537654772,50,False
adam,1e-06,sgd,31415,0.14369863579437206,0.16506927598300014,50,False
adam,1.778279410038923e-06,full,42,1.6203939102239828,1.415498967260979,50,False
adam,1.778279410038923e-06,full,1337,2.1654839053813504,1.778597230289953,50,False
adam,1.778279410038923e-06,full,31415,1.7422784466142571,1.5798516760269223,50,False
adam,1.778279410038923e-06,sgd,42,0.13382763491194014,0.1632736578156952,50,False
adam,1.778279410038923e-06,sgd,1337,0.1334667920728648,0.16165598274390924,50,False
adam,1.778279410038923e-06,sgd,31415,0.14218995742182453,0.1633167353264342,50,False
adam,3.162277660168379e-06,full,42,1.2128939970553945,1.0885352736434364,50,False
adam,3.162277660168379e-06,full,1337,1.638717782355604,1.3565121514739067,50,False
adam,3.162277660168379e-06,full,31415,1.3692870627963263,1.2558093968569282,50,False
adam,3.162277660168379e-06,sgd,42,0.13060416103844122,0.15948915148842852,50,False
adam,3.162277660168379e-06,sgd,1337,0.12852157204879203,0.15579242759591294,50,False
adam,3.162277660168379e-06,sgd,31415,0.13865558825290378,0.15910470028066215,50,False
adam,5.623413251903491e-06,full,42,0.6838338906435415,0.6538689171978028,50,False
adam,5.623413251903491e-06,full,1337,0.9203551005855928,0.7808160404342914,50,False
adam,5.623413251903491e-06,full,31415,0.8500376904301697,0.8026312609105625,50,False
adam,5.623413251903491e-06,sgd,42,0.12418781242292655,0.1519319810216451,50,False
adam,5.623413251903491e-06,sgd,1337,0.11501658814475821,0.13978145449482487,50,False
adam,5.623413251903491e-06,sgd,31415,0.13197388369000243,0.1511659752232641,50,False
adam,1e-05,full,42,0.24258792704590668,0.2657031668854532,50,False
adam,1e-05,full,1337,0.24076056541692792,0.2393409021268954,50,False
adam,1e-05,full,31415,0.30405972196472475,0.3110189275041947,50,False
adam,1e-05,sgd,42,0.1071984748718791,0.13185396141818742,50,False
adam,1e-05,sgd,1337,0.06720633239428031,0.08149355313249798,50,False
adam,1e-05,sgd,31415,0.11747228280427087,0.13339581978071796,50,False
adam,1.778279410038923e-05,full,42,0.13690300406008102,0.1665758014043268,50,False
adam,1.778279410038923e-05,full,1337,0.13726238163701074,0.16629596769982072,50,False
adam,1.778279410038923e-05,full,31415,0.14487362099136875,0.16717191636015283,50,False
adam,1.778279410038923e-05,sgd,42,0.041886368708054865,0.05452010920604937,50,False
adam,1.778279410038923e-05,sgd,1337,0.0049055187622732335,0.004897384631725663,50,False
adam,1.778279410038923e-05,sgd,31415,0.0680798928838316,0.07534445101281141,50,False
adam,3.1622776601683795e-05,full,42,0.13629895959636515,0.16585685373840145,50,False
adam,3.1622776601683795e-05,full,1337,0.13666234054937,0.16559422030982443,50,False
adam,3.1622776601683795e-05,full,31415,0.14428023927277742,0.16648935086516534,50,False
adam,3.1622776601683795e-05,sgd,42,0.007567900485303128,0.01361588004798883,50,False
adam,3.1622776601683795e-05,sgd,1337,0.0012932935708779233,0.001133731241157355,50,False
adam,3.1622776601683795e-05,sgd,31415,0.004022764356972754,0.0031939334732921333,50,False
adam,5.623413251903491e-05,full,42,0.13516105942367102,0.16451052382280332,50,False
adam,5.623413251903491e-05,full,1337,0.13542356425472335,0.1641195036002144,50,False
adam,5.623413251903491e-05,full,31415,0.14320828918869938,0.16525597392801167,50,False
adam,5.623413251903491e-05,sgd,42,0.004509391324731652,0.008158724032175694,50,False
adam,5.623413251903491e-05,sgd,1337,0.0011014336049352592,0.0010331945727124455,50,False
adam,5.623413251903491e-05,sgd,31415,0.0013158268466599544,0.0013828743429522173,50,False
adam,0.0001,full,42,0.13309493170083506,0.16205188311365323,50,False
adam,0.0001,full,1337,0.13311266644411027,0.16135275616731462,50,False
adam,0.0001,full,31415,0.14130587232997832,0.1630457198024695,50,False
adam,0.0001,sgd,42,0.004561424560349699,0.004945170540752626,50,False
adam,0.0001,sgd,1337,0.0012036176325081933,0.0010454762338151986,50,False
adam,0.0001,sgd,31415,0.0014642615051364074,0.0022709553482750263,50,False
adam,0.00017782794100389227,full,42,0.12910732656924254,0.15728372171232427,50,False
adam,0.00017782794100389227,full,1337,0.1284806724260557,0.15570366933841975,50,False
adam,0.00017782794100389227,full,31415,0.13695775171039187,0.1578348824175249,50,False
adam,0.00017782794100389227,sgd,42,0.00309984729094822,0.003871422571362473,50,False
adam,0.00017782794100389227,sgd,1337,0.0010366090564679833,0.000984033431890475,50,False
adam,0.00017782794100389227,sgd,31415,0.0012390750563877257,0.0015860209034925304,50,False
adam,0.00031622776601683794,full,42,0.12184120397746037,0.14844334201755133,50,False
adam,0.00031622776601683794,full,1337,0.11983161300034217,0.14507440437987057,50,False
adam,0.00031622776601683794,full,31415,0.13029696023842097,0.14977139820742016,50,False
adam,0.00031622776601683794,sgd,42,0.001267589812698616,0.0019184614073055794,50,False
adam,0.00031622776601683794,sgd,1337,0.0010024182772974722,0.000904447019064968,50,False
adam,0.00031622776601683794,sgd,31415,0.0011689938890983688,0.001424715803903277,50,False
adam,0.0005623413251903491,full,42,0.10991405838020668,0.1332323093154283,50,False
adam,0.0005623413251903491,full,1337,0.10448437917535466,0.12506631253495917,50,False
adam,0.0005623413251903491,full,31415,0.11940966072449351,0.13592605892016107,50,False
adam,0.0005623413251903491,sgd,42,0.0012450486931157054,0.0014292184235089335,50,False
adam,0.0005623413251903491,sgd,1337,0.00142423874735208,0.0010692626696002959,50,False
adam,0.0005623413251903491,sgd,31415,0.001129163904934104,0.0013707706166276351,50,False
adam,0.001,full,42,0.09223160780015154,0.11053113107917689,50,False
adam,0.001,full,1337,0.07390647874323522,0.08564980839210551,50,False
adam,0.001,full,31415,0.0980670776498927,0.10867300931043744,50,False
adam,0.001,sgd,42,0.0012724996199874447,0.0012850779331945582,50,False
adam,0.001,sgd,1337,0.0010188873004597899,0.0013785318664384925,50,False
adam,0.001,sgd,31415,0.001053700127321347,0.0013621995831583006,50,False
adam,0.0017782794100389228,full,42,0.0811830347882655,0.09239592572907229,50,False
adam,0.0017782794100389228,full,1337,0.07987239649382738,0.08319502855587471,50,False
adam,0.0017782794100389228,full,31415,0.11165503795328599,0.11961318763573825,50,False
adam,0.0017782794100389228,sgd,42,0.0010073750468709373,0.0011418757837011598,50,False
adam,0.0017782794100389228,sgd,1337,0.0011586545943592184,0.0014367323569216448,50,False
adam,0.0017782794100389228,sgd,31415,0.0012801730830357882,0.0013923518031251762,50,False
adam,0.0031622776601683794,full,42,0.20078005873721352,0.18357345220363175,50,False
adam,0.0031622776601683794,full,1337,0.3672536969154931,0.3200803873555108,50,False
adam,0.0031622776601683794,full,31415,0.25999120563692674,0.24726296594839506,50,False
adam,0.0031622776601683794,sgd,42,0.0013137385190113478,0.0011487370480925173,50,False
adam,0.0031622776601683794,sgd,1337,0.0012108680497563032,0.0013738026262889926,50,False
adam,0.0031622776601683794,sgd,31415,0.0014341238633433077,0.002301177049028824,50,False
adam,0.005623413251903491,full,42,52.94081574764108,34.957108696935734,50,False
adam,0.005623413251903491,full,1337,2.0041758366059383,1.6700152259166436,50,False
adam,0.005623413251903491,full,31415,1.1585564464549554,0.9528799103713003,50,False
adam,0.005623413251903491,sgd,42,0.001404110978054228,0.0014622063603799917,50,False
adam,0.005623413251903491,sgd,1337,0.0015574284196406213,0.0015190579921740702,50,False
adam,0.005623413251903491,sgd,31415,0.0025833746123149455,0.0026575290334489494,50,False
adam,0.01,full,42,45.339986875222465,34.079327782152575,50,False
adam,0.01,full,1337,10.031565307869856,8.447222174895819,50,False
adam,0.01,full,31415,1405.6281910702528,836.5467108113169,50,False
adam,0.01,sgd,42,0.002272795876658155,0.002218360158456832,50,False
adam,0.01,sgd,1337,0.0038957428077222335,0.004770919700617635,50,False
adam,0.01,sgd,31415,0.002377754879533106,0.002617927413665389,50,False
adam,0.01778279410038923,full,42,5435946.873576165,4448176.55970816,50,False
adam,0.01778279410038923,full,1337,47805.810284343854,37134.34819047745,50,False
adam,0.01778279410038923,full,31415,2191238.3929747874,1780989.190151384,50,False
adam,0.03162277660168379,full,42,50980863.31166812,46185403.83988265,50,False
adam,0.03162277660168379,full,1337,14601541.204837317,10690462.767239485,50,False
adam,0.03162277660168379,full,31415,29970304.81210473,20553155.137446493,50,False
adam,0.05623413251903491,full,42,6447256301.831242,4444069245.31009,50,False
adam,0.05623413251903491,full,1337,4078078458.261296,3086007932.187818,50,False
adam,0.05623413251903491,full,31415,4869481022.554905,3083645098.945382,50,False
adam,0.1,full,42,284611806786.6203,193899088057.24844,50,False
adam,0.1,full,1337,698989828946.3456,570139986871.276,50,False
adam,0.1,full,31415,533064471807.4855,435059491658.87256,50,False
adam,0.1778279410038923,full,42,40250131793361.9,29679494543752.273,50,False
adam,0.1778279410038923,full,1337,24638556798831.523,20327184499638.105,50,False
adam,0.1778279410038923,full,31415,25896834501987.305,19040908838705.984,50,False
adam,0.31622776601683794,full,42,792827284026157.2,602700376428565.0,50,False
adam,0.31622776601683794,full,1337,663675219068927.2,544287008631841.94,50,False
adam,0.31622776601683794,full,31415,760222596705825.5,621635770055919.1,50,False
adam,0.5623413251903491,full,42,4.744094070313413e+16,4.013088408840682e+16,50,False
adam,0.5623413251903491,full,1337,2.1240557519403628e+16,1.7567041230476222e+16,50,False
adam,0.5623413251903491,full,31415,3.832290662979939e+16,3.2022773148984452e+16,50,False
adam,1.0,full,42,8.457584693647291e+17,7.227122225651517e+17,50,False
adam,1.0,full,1337,8.202063689441748e+17,6.710439249661486e+17,50,False
adam,1.0,full,31415,9.917737901545637e+17,7.855431031164308e+17,50,False
constant,1e-08,full,42,2.2564814162925857,1.9214780290024382,50,False
constant,1e-08,full,1337,2.965016276516418,2.4204164498262526,50,False
constant,1e-08,full,31415,2.2972556373530852,2.060400603859209,50,False
constant,1e-08,sgd,42,2.1034380830332275,1.7971282103667767,50,False
constant,1e-08,sgd,1337,2.7286869482155383,2.2249065977378737,50,False
constant,1e-08,sgd,31415,2.0856580890205687,1.8699212253414266,50,False
constant,1.7782794100389228e-08,full,42,2.2545532212759216,1.9199105536498464,50,False
constant,1.7782794100389228e-08,full,1337,2.96162008310634,2.4176040390524722,50,False
constant,1.7782794100389228e-08,full,31415,2.2944122403861926,2.0578447321691886,50,False
constant,1.7782794100389228e-08,sgd,42,1.9910580210361541,1.7057149014993516,50,False
constant,1.7782794100389228e-08,sgd,1337,2.5566094941146322,2.0828091398272854,50,False
constant,1.7782794100389228e-08,sgd,31415,1.9337528040393535,1.7333115069631464,50,False
constant,3.162277660168379e-08,full,42,2.251129131946626,1.9171269768199835,50,False
constant,3.162277660168379e-08,full,1337,2.955591538492661,2.412611947524904,50,False
constant,3.162277660168379e-08,full,31415,2.289365584338723,2.0533084772546246,50,False
constant,3.162277660168379e-08,sgd,42,1.8082046812878991,1.5567702648053452,50,False
constant,3.162277660168379e-08,sgd,1337,2.280187293650736,1.8550639548619337,50,False
constant,3.162277660168379e-08,sgd,31415,1.693517846912949,1.5175280688284667,50,False
constant,5.6234132519034905e-08,full,42,2.245055226872886,1.9121890914111928,50,False
constant,5.6234132519034905e-08,full,1337,2.944905272629941,2.4037635002042954,50,False
constant,5.6234132519034905e-08,full,31415,2.280421798618016,2.045269491945392,50,False
constant,5.6234132519034905e-08,sgd,42,1.5298186479155842,1.329431615155787,50,False
constant,5.6234132519034905e-08,sgd,1337,1.868755132291063,1.5175024776442227,50,False
constant,5.6234132519034905e-08,sgd,31415,1.345753543190361,1.205879965471982,50,False
constant,1e-07,full,42,2.234301632515351,1.9034462389217317,50,False
constant,1e-07,full,1337,2.9260096256122803,2.3881193745580873,50,False
constant,1e-07,full,31415,2.264613445368365,2.031061204703487,50,False
constant,1e-07,sgd,42,1.15139685641885,1.0189431271637615,50,False
constant,1e-07,sgd,1337,1.3313043772406945,1.0800593286613047,50,False
constant,1e-07,sgd,31415,0.9134960158296852,0.8203092468359577,50,False
constant,1.7782794100389227e-07,full,42,2.2153279083275113,1.8880186059308557,50,False
constant,1.7782794100389227e-07,full,1337,2.8927448899363752,2.360584587776265,50,False
constant,1.7782794100389227e-07,full,31415,2.236803178021232,2.0060683359788833,50,False
constant,1.7782794100389227e-07,sgd,42,0.7274463212205233,0.6673992621094976,50,False
constant,1.7782794100389227e-07,sgd,1337,0.7673915682901541,0.628406064947956,50,False
constant,1.7782794100389227e-07,sgd,31415,0.4988363622092748,0.45425802081871125,50,False
constant,3.162277660168379e-07,full,42,2.1820531784749484,1.8609575005120087,50,False
constant,3.162277660168379e-07,full,1337,2.8346399597192713,2.312506561336455,50,False
constant,3.162277660168379e-07,full,31415,2.188286361414352,1.9624745791269118,50,False
constant,3.162277660168379e-07,sgd,42,0.3761415576933417,0.3707850489077421,50,False
constant,3.162277660168379e-07,sgd,1337,0.3706225179629449,0.3191702663143872,50,False
constant,3.162277660168379e-07,sgd,31415,0.24045927021718355,0.23250532189789636,50,False
constant,5.62341325190349e-07,full,42,2.1243222553623684,1.8139907670310418,50,False
constant,5.62341325190349e-07,full,1337,2.7345394322579586,2.2297358860279557,50,False
constant,5.62341325190349e-07,full,31415,2.104889961535782,1.8875649674418093,50,False
constant,5.62341325190349e-07,sgd,42,0.18937859338445315,0.21149910373527106,50,False
constant,5.62341325190349e-07,sgd,1337,0.19662176981917767,0.1952467105658178,50,False
constant,5.62341325190349e-07,sgd,31415,0.15868399053012627,0.16951278951076465,50,False
constant,1e-06,full,42,2.0260417688792645,1.733985155901129,50,False
constant,1e-06,full,1337,2.566245395885553,2.09074675646623,50,False
constant,1e-06,full,31415,1.9652395955465791,1.7622001144517672,50,False
constant,1e-06,sgd,42,0.14165839606483277,0.171075038200794,50,False
constant,1e-06,sgd,1337,0.14898295927221084,0.16850168202129726,50,False
constant,1e-06,sgd,31415,0.14679305076826618,0.16516593742769234,50,False
constant,1.778279410038923e-06,full,42,1.8642032964243374,1.602090748233874,50,False
constant,1.778279410038923e-06,full,1337,2.2951438423787227,1.8673456031506763,50,False
constant,1.778279410038923e-06,full,31415,1.7418994005468484,1.5619236865325166,50,False
constant,1.778279410038923e-06,sgd,42,0.1370846825188807,0.16736497496899488,50,False
constant,1.778279410038923e-06,sgd,1337,0.1382642143343045,0.16513957336000812,50,False
constant,1.778279410038923e-06,sgd,31415,0.14503456136495696,0.16604723625068246,50,False
constant,3.162277660168379e-06,full,42,1.6126664731616802,1.3966693300652695,50,False
constant,3.162277660168379e-06,full,1337,1.8896943494060476,1.5345941266809964,50,False
constant,3.162277660168379e-06,full,31415,1.4122593869599975,1.2669275391018868,50,False
constant,3.162277660168379e-06,sgd,42,0.1368399009154111,0.1670057256065907,50,False
constant,3.162277660168379e-06,sgd,1337,0.13707166025567166,0.1655150836272668,50,False
constant,3.162277660168379e-06,sgd,31415,0.14464827900617483,0.16622441745506425,50,False
constant,5.623413251903491e-06,full,42,1.2585410139455235,1.1063570185913574,50,False
constant,5.623413251903491e-06,full,1337,1.3558029971565582,1.0998182302300277,50,False
constant,5.623413251903491e-06,full,31415,0.9887142238724296,0.8894207930897915,50,False
constant,5.623413251903491e-06,sgd,42,0.1364581554643248,0.16654623334258592,50,False
constant,5.623413251903491e-06,sgd,1337,0.1365608773157756,0.16507676055547071,50,False
constant,5.623413251903491e-06,sgd,31415,0.14429205280491922,0.16586559517507765,50,False
constant,1e-05,full,42,0.8361327878156706,0.7575992253659813,50,False
constant,1e-05,full,1337,0.788331966623264,0.6448606364053809,50,False
constant,1e-05,full,31415,0.5591594300849553,0.5098797948652392,50,False
constant,1e-05,sgd,42,0.13577551130643195,0.16574263753251695,50,False
constant,1e-05,sgd,1337,0.13568250685606928,0.1640526466748833,50,False
constant,1e-05,sgd,31415,0.1436866191805444,0.16517588510817982,50,False
constant,1.778279410038923e-05,full,42,0.4560176826730505,0.4377879026267672,50,False
constant,1.778279410038923e-05,full,1337,0.3807922904111426,0.3266691467055179,50,False
constant,1.778279410038923e-05,full,31415,0.26631658582927126,0.2568283011892822,50,False
constant,1.778279410038923e-05,sgd,42,0.13457402079562197,0.16432651084269678,50,False
constant,1.778279410038923e-05,sgd,1337,0.1341456291700695,0.16224260606381014,50,False
constant,1.778279410038923e-05,sgd,31415,0.14261782463520625,0.1639597083134471,50,False
constant,3.1622776601683795e-05,full,42,0.22279597634303694,0.23955452209719474,50,False
constant,3.1622776601683795e-05,full,1337,0.19872361798699625,0.19648492519691452,50,False
constant,3.1622776601683795e-05,full,31415,0.16138277804673495,0.17290558413572055,50,False
constant,3.1622776601683795e-05,sgd,42,0.1324854316968065,0.1618602507188919,50,False
constant,3.1622776601683795e-05,sgd,1337,0.1314385385966388,0.15906753484546443,50,False
constant,3.1622776601683795e-05,sgd,31415,0.14072066682350706,0.16181957151722412,50,False
constant,5.623413251903491e-05,full,42,0.14746787639564946,0.17547715871997863,50,False
constant,5.623413251903491e-05,full,1337,0.1492887402938876,0.16870192409658302,50,False
constant,5.623413251903491e-05,full,31415,0.14609394492739589,0.16543648561315547,50,False
constant,5.623413251903491e-05,sgd,42,0.12883206566403507,0.15755071707815926,50,False
constant,5.623413251903491e-05,sgd,1337,0.12672886315106002,0.15354291428190894,50,False
constant,5.623413251903491e-05,sgd,31415,0.13741586785356907,0.1579632043913935,50,False
constant,0.0001,full,42,0.13735351219515188,0.16710048496244145,50,False
constant,0.0001,full,1337,0.13812750808025392,0.1652591024627099,50,False
constant,0.0001,full,31415,0.1448055656958244,0.1665456068882712,50,False
constant,0.0001,sgd,42,0.12256188221121077,0.1501230630727088,50,False
constant,0.0001,sgd,1337,0.11852024723229963,0.14381261107992052,50,False
constant,0.0001,sgd,31415,0.13063854263688435,0.15002010801283613,50,False
constant,0.00017782794100389227,full,42,0.13669747914450248,0.16634031246961883,50,False
constant,0.00017782794100389227,full,1337,0.13695447101596286,0.16575924369209205,50,False
constant,0.00017782794100389227,full,31415,0.14456406721144302,0.16676457190101374,50,False
constant,0.00017782794100389227,sgd,42,0.11154108000563862,0.13718965773187417,50,False
constant,0.00017782794100389227,sgd,1337,0.10339840848271117,0.12578255771379676,50,False
constant,0.00017782794100389227,sgd,31415,0.11963161677811397,0.13711744859018965,50,False
constant,0.00031622776601683794,full,42,0.13626949410534459,0.16581396995183723,50,False
constant,0.00031622776601683794,full,1337,0.1364506076933786,0.16534098803062097,50,False
constant,0.00031622776601683794,full,31415,0.1442259401010837,0.1664113259800521,50,False
constant,0.00031622776601683794,sgd,42,0.09214113725304457,0.114459859912221,50,False
constant,0.00031622776601683794,sgd,1337,0.0770766407365242,0.09436022755678261,50,False
constant,0.00031622776601683794,sgd,31415,0.10001108674411383,0.11426397272430779,50,False
constant,0.0005623413251903491,full,42,0.13554998322298392,0.16496917783817738,50,False
constant,0.0005623413251903491,full,1337,0.13555944907815823,0.16429556716233737,50,False
constant,0.0005623413251903491,full,31415,0.14363342210990537,0.16573037428437562,50,False
constant,0.0005623413251903491,sgd,42,0.060456814614598814,0.07638139860483842,50,False
constant,0.0005623413251903491,sgd,1337,0.038211247357249435,0.04672274868084927,50,False
constant,0.0005623413251903491,sgd,31415,0.06512094163613583,0.07347651087552091,50,False
constant,0.001,full,42,0.13453267971528537,0.16377745087197354,50,False
constant,0.001,full,1337,0.13401043734713577,0.1624615079646122,50,False
constant,0.001,full,31415,0.142589632933064,0.16452938246124815,50,False
constant,0.001,sgd,42,0.023437928318748247,0.030205924637602268,50,False
constant,0.001,sgd,1337,0.019062476881431336,0.020826446862267152,50,False
constant,0.001,sgd,31415,0.025103817769048034,0.027866883181499196,50,False
constant,0.0017782794100389228,full,42,0.1326148430002245,0.16151009389131651,50,False
constant,0.0017782794100389228,full,1337,0.13133363964706463,0.1593092663878271,50,False
constant,0.0017782794100389228,full,31415,0.14072733774212584,0.16240879434746458,50,False
constant,0.0017782794100389228,sgd,42,0.0134339358002168,0.018528651714906322,50,False
constant,0.0017782794100389228,sgd,1337,0.013379986184144693,0.014796161207266123,50,False
constant,0.0017782794100389228,sgd,31415,0.018843928619141862,0.024090859309954474,50,False
constant,0.0031622776601683794,full,42,0.1288680207591372,0.15712268115598893,50,False
constant,0.0031622776601683794,full,1337,0.12646445953400293,0.15356870379289414,50,False
constant,0.0031622776601683794,full,31415,0.1374531204500007,0.1585084147409729,50,False
constant,0.0031622776601683794,sgd,42,0.007682107474489573,0.011468231162506247,50,False
constant,0.0031622776601683794,sgd,1337,0.010182783465522068,0.011727135024750535,50,False
constant,0.0031622776601683794,sgd,31415,0.01756033106009275,0.024330698281311573,50,False
constant,0.005623413251903491,full,42,0.12300711984675351,0.1501972857068272,50,False
constant,0.005623413251903491,full,1337,0.11810368615209146,0.14359060547486605,50,False
constant,0.005623413251903491,full,31415,0.13071996832567648,0.15059047020350363,50,False
constant,0.005623413251903491,sgd,42,0.0037429085210372963,0.006334928260550137,50,False
constant,0.005623413251903491,sgd,1337,0.0021348724177338995,0.0024491999297308028,50,False
constant,0.005623413251903491,sgd,31415,1.906755508676323e+21,1.7599225866047445e+21,50,False
constant,0.01,full,42,0.1125115337943046,0.13787088473765338,50,False
constant,0.01,full,1337,0.10308290711592209,0.1255951896412706,50,False
constant,0.01,full,31415,0.11992344413051732,0.1377995902041311,50,False
constant,0.01,sgd,42,4.956311478596528e+22,3.145216246490567e+22,50,False
constant,0.01,sgd,1337,4.250819447720222e+23,3.7326970065855864e+23,50,False
constant,0.01,sgd,31415,3.749409808881023e+23,3.4605457900879085e+23,50,False
constant,0.01778279410038923,full,42,0.09456954431391028,0.11656612426680293,50,False
constant,0.01778279410038923,full,1337,0.08404993515267675,0.10286956649830664,50,False
constant,0.01778279410038923,full,31415,0.10118285894718398,0.1157967893990651,50,False
constant,0.03162277660168379,full,42,1.4631084957398764e+19,8.699238661839886e+18,50,False
constant,0.03162277660168379,full,1337,1.2636597399241284e+20,1.1096765742155932e+20,50,False
constant,0.03162277660168379,full,31415,1.917887942959199e+20,1.772502142954196e+20,50,False
constant,0.05623413251903491,full,42,5.908983371559398e+21,3.513320671662083e+21,50,False
constant,0.05623413251903491,full,1337,6.574080421524791e+21,5.772996624939926e+21,50,False
constant,0.05623413251903491,full,31415,5.894392914250796e+21,5.447567670342649e+21,50,False
constant,0.1,full,42,2.160615348369749e+23,1.2846430749988807e+23,50,False
constant,0.1,full,1337,1.340674635103604e+23,1.1773069292597e+23,50,False
constant,0.1,full,31415,1.0906489362298567e+23,1.0079722255485501e+23,50,False
constant,0.1778279410038923,full,42,6.010866875768407e+24,5.828668942996698e+24,50,False
constant,0.1778279410038923,full,1337,7.021048153990241e+24,6.165499479388051e+24,50,False
constant,0.1778279410038923,full,31415,6.66347038510269e+24,6.158345693594692e+24,50,False
constant,0.31622776601683794,full,42,2.006059643686992e+26,1.9452530575360077e+26,50,False
constant,0.31622776601683794,full,1337,2.2282208919773758e+26,1.9567013900950084e+26,50,False
constant,0.31622776601683794,full,31415,2.10831296268031e+26,1.9484921734814587e+26,50,False
constant,0.5623413251903491,full,42,6.38913928527439e+27,6.195474893782793e+27,50,False
constant,0.5623413251903491,full,1337,7.053883001990638e+27,6.19433273464238e+27,50,False
constant,0.5623413251903491,full,31415,6.673954042666233e+27,6.168033778520409e+27,50,False
constant,1.0,full,42,2.0241930145118027e+29,1.962836835013408e+29,50,False
constant,1.0,full,1337,2.232131745520859e+29,1.960135741989086e+29,50,False
constant,1.0,full,31415,2.1111858451617593e+29,1.9511473559667063e+29,50,False
momentum,1e-08,full,42,2.2345262750546544,1.90362890749213,50,False
momentum,1e-08,full,1337,2.926403324905996,2.388445265938392,50,False
momentum,1e-08,full,31415,2.2649425516486072,2.031356977483563,50,False
momentum,1e-08,sgd,42,1.151462651659341,1.0189989103450199,50,False
momentum,1e-08,sgd,1337,1.331379423885406,1.0801185369281248,50,False
momentum,1e-08,sgd,31415,0.9135371862503593,0.820344835978239,50,False
momentum,1.7782794100389228e-08,full,42,2.2157214728156687,1.8883387107150826,50,False
momentum,1.7782794100389228e-08,full,1337,2.8934316766311463,2.36115288273477,50,False
momentum,1.7782794100389228e-08,full,31415,2.2373765140805846,2.0065835181511527,50,False
momentum,1.7782794100389228e-08,sgd,42,0.7274815865710238,0.667431237346129,50,False
momentum,1.7782794100389228e-08,sgd,1337,0.767415303407597,0.6284224768973075,50,False
momentum,1.7782794100389228e-08,sgd,31415,0.4988315227279485,0.4542520670349273,50,False
momentum,3.162277660168379e-08,full,42,2.1827347209999934,1.861512071653095,50,False
momentum,3.162277660168379e-08,full,1337,2.835820196328159,2.3134825390655838,50,False
momentum,3.162277660168379e-08,full,31415,2.18926924980968,1.9633575141623099,50,False
momentum,3.162277660168379e-08,sgd,42,0.37613432172228317,0.37078162666859993,50,False
momentum,3.162277660168379e-08,sgd,1337,0.37059978391283876,0.31915045617042126,50,False
momentum,3.162277660168379e-08,sgd,31415,0.2404295712439558,0.23247821757038112,50,False
momentum,5.6234132519034905e-08,full,42,2.125478312309212,1.814932191422393,50,False
momentum,5.6234132519034905e-08,full,1337,2.736514122523387,2.231366907541633,50,False
momentum,5.6234132519034905e-08,full,31415,2.106527226712767,1.889034949535839,50,False
momentum,5.6234132519034905e-08,sgd,42,0.18935861720671224,0.21148410904903917,50,False
momentum,5.6234132519034905e-08,sgd,1337,0.19660333281040057,0.19523374568864335,50,False
momentum,5.6234132519034905e-08,sgd,31415,0.15867252924914463,0.16950361106345802,50,False
momentum,1e-07,full,42,2.0279315801132762,1.7355263491032233,50,False
momentum,1e-07,full,1337,2.5693947629388196,2.093342386074546,50,False
momentum,1e-07,full,31415,1.9678295453633503,1.7645231382448412,50,False
momentum,1e-07,sgd,42,0.14165275221832613,0.1710714852055364,50,False
momentum,1e-07,sgd,1337,0.14897614176335322,0.1684989573774337,50,False
momentum,1e-07,sgd,31415,0.14679217461542396,0.16516627449352356,50,False
momentum,1.7782794100389227e-07,full,42,1.8670945608260106,1.6044552115364243,50,False
momentum,1.7782794100389227e-07,full,1337,2.2997504072721004,1.871126578822296,50,False
momentum,1.7782794100389227e-07,full,31415,1.7456286056744137,1.5652621375547815,50,False
momentum,1.7782794100389227e-07,sgd,42,0.1370844931423688,0.16736504413532816,50,False
momentum,1.7782794100389227e-07,sgd,1337,0.13826232426670207,0.16513990275033932,50,False
momentum,1.7782794100389227e-07,sgd,31415,0.1450346032918631,0.16604790186708893,50,False
momentum,3.162277660168379e-07,full,42,1.6165890428882128,1.3998952004089837,50,False
momentum,3.162277660168379e-07,full,1337,1.8954385510132832,1.5392694878325526,50,False
momentum,3.162277660168379e-07,full,31415,1.4167607078575433,1.2709409843024482,50,False
momentum,3.162277660168379e-07,sgd,42,0.13685139201516258,0.16701785713742784,50,False
momentum,3.162277660168379e-07,sgd,1337,0.1370717115553565,0.16551602891513692,50,False
momentum,3.162277660168379e-07,sgd,31415,0.14464866028784124,0.16622482381873463,50,False
momentum,5.62341325190349e-07,full,42,1.2627875907836592,1.1098935737494096,50,False
momentum,5.62341325190349e-07,full,1337,1.3610376219365043,1.103995351120881,50,False
momentum,5.62341325190349e-07,full,31415,0.9924993505559181,0.8927608469655367,50,False
momentum,5.62341325190349e-07,sgd,42,0.1364619191001838,0.16655031002942416,50,False
momentum,5.62341325190349e-07,sgd,1337,0.13656840359283678,0.16508665802253142,50,False
momentum,5.62341325190349e-07,sgd,31415,0.14429278464850534,0.16586605317656125,50,False
momentum,1e-06,full,42,0.8389809646196794,0.7600619755578565,50,False
momentum,1e-06,full,1337,0.7904725010755119,0.6464367612415606,50,False
momentum,1e-06,full,31415,0.5601867446102717,0.5107286583085275,50,False
momentum,1e-06,sgd,42,0.13578247899421975,0.16575022102986303,50,False
momentum,1e-06,sgd,1337,0.13569414391625614,0.16406855216807892,50,False
momentum,1e-06,sgd,31415,0.14368791760576097,0.16517668199472035,50,False
momentum,1.778279410038923e-06,full,42,0.4561491196763609,0.43803569741209736,50,False
momentum,1.778279410038923e-06,full,1337,0.3796777883644307,0.3256772731699866,50,False
momentum,1.778279410038923e-06,full,31415,0.2649392451085019,0.25557910612157125,50,False
momentum,1.778279410038923e-06,sgd,42,0.13459973304665498,0.16435571744015878,50,False
momentum,1.778279410038923e-06,sgd,1337,0.13417173554697995,0.16227732188096727,50,False
momentum,1.778279410038923e-06,sgd,31415,0.14262009711461418,0.16396106480112083,50,False
momentum,3.162277660168379e-06,full,42,0.22143126875825556,0.23852499847559933,50,False
momentum,3.162277660168379e-06,full,1337,0.19761897265357978,0.1957068701122927,50,False
momentum,3.162277660168379e-06,full,31415,0.16052485650020298,0.17222434594842181,50,False
momentum,3.162277660168379e-06,sgd,42,0.1325145677694479,0.16189258825308656,50,False
momentum,3.162277660168379e-06,sgd,1337,0.13148345403160003,0.15912778143106882,50,False
momentum,3.162277660168379e-06,sgd,31415,0.1407245980800119,0.16182182307157736,50,False
momentum,5.623413251903491e-06,full,42,0.14686375854834796,0.1750593602910076,50,False
momentum,5.623413251903491e-06,full,1337,0.14890330549564493,0.16856392650450183,50,False
momentum,5.623413251903491e-06,full,31415,0.14600543574529173,0.1654479493347316,50,False
momentum,5.623413251903491e-06,sgd,42,0.12891656752208958,0.15764832051059677,50,False
momentum,5.623413251903491e-06,sgd,1337,0.12681924758817298,0.15366227067926255,50,False
momentum,5.623413251903491e-06,sgd,31415,0.13742253990172876,0.15796698618366914,50,False
momentum,1e-05,full,42,0.13728691667172688,0.16707044200886734,50,False
momentum,1e-05,full,1337,0.13802668290037942,0.16528716915965838,50,False
momentum,1e-05,full,31415,0.1447998022082043,0.16658591892383748,50,False
momentum,1e-05,sgd,42,0.12265368080661027,0.15022913913049163,50,False
momentum,1e-05,sgd,1337,0.11873615560931437,0.14409112623673706,50,False
momentum,1e-05,sgd,31415,0.1306513761585777,0.1500271886417094,50,False
momentum,1.778279410038923e-05,full,42,0.13670027154064446,0.1663411871894467,50,False
momentum,1.778279410038923e-05,full,1337,0.13695811669626187,0.16580089186527083,50,False
momentum,1.778279410038923e-05,full,31415,0.1445681166390705,0.1667787072268583,50,False
momentum,1.778279410038923e-05,sgd,42,0.111778360397185,0.13746298831691794,50,False
momentum,1.778279410038923e-05,sgd,1337,0.10390751153873641,0.1264251674633238,50,False
momentum,1.778279410038923e-05,sgd,31415,0.11964661348862621,0.13711768930536294,50,False
momentum,3.1622776601683795e-05,full,42,0.13633275461227556,0.16588761274271532,50,False
momentum,3.1622776601683795e-05,full,1337,0.13651338429985388,0.16542349507903487,50,False
momentum,3.1622776601683795e-05,full,31415,0.14423381635605023,0.16642054574209136,50,False
momentum,3.1622776601683795e-05,sgd,42,0.09278511354173131,0.11520949112151584,50,False
momentum,3.1622776601683795e-05,sgd,1337,0.07785092930762662,0.09534826582078092,50,False
momentum,3.1622776601683795e-05,sgd,31415,0.10003296790569528,0.11425081460947713,50,False
momentum,5.623413251903491e-05,full,42,0.13568667664109618,0.1651280089093803,50,False
momentum,5.623413251903491e-05,full,1337,0.13574829315449463,0.16453785597542686,50,False
momentum,5.623413251903491e-05,full,31415,0.14364857561085304,0.16574790261045397,50,False
momentum,5.623413251903491e-05,sgd,42,0.0592751189875749,0.07492205152800313,50,False
momentum,5.623413251903491e-05,sgd,1337,0.039428690790082176,0.04826040222611001,50,False
momentum,5.623413251903491e-05,sgd,31415,0.06521509456738755,0.07360197154542975,50,False
momentum,0.0001,full,42,0.13471388439002493,0.16399117720876838,50,False
momentum,0.0001,full,1337,0.1344226727591528,0.16299209857991673,50,False
momentum,0.0001,full,31415,0.14262285624245444,0.1645667951751344,50,False
momentum,0.0001,sgd,42,0.025046607724802997,0.0320245128573466,50,False
momentum,0.0001,sgd,1337,0.01980385459639518,0.02192570348711563,50,False
momentum,0.0001,sgd,31415,0.02678530193261441,0.028190095259477924,50,False
momentum,0.00017782794100389227,full,42,0.13286898311099452,0.16182424599990516,50,False
momentum,0.00017782794100389227,full,1337,0.13288710929654454,0.16117761975202838,50,False
momentum,0.00017782794100389227,full,31415,0.1408001269839157,0.16249206990230622,50,False
momentum,0.00017782794100389227,sgd,42,0.014480823906708977,0.01876663469521013,50,False
momentum,0.00017782794100389227,sgd,1337,0.01224497060972802,0.01069077151524524,50,False
momentum,0.00017782794100389227,sgd,31415,0.020936482447960664,0.02267874016449891,50,False
momentum,0.00031622776601683794,full,42,0.12971058396391852,0.15811980872377984,50,False
momentum,0.00031622776601683794,full,1337,0.12960008714369756,0.15726704546622594,50,False
momentum,0.00031622776601683794,full,31415,0.13764740551516447,0.1587819874030857,50,False
momentum,0.00031622776601683794,sgd,42,0.007834988921540964,0.007284193532489004,50,False
momentum,0.00031622776601683794,sgd,1337,0.008781346033444262,0.007544654706346682,50,False
momentum,0.00031622776601683794,sgd,31415,0.016085396903724614,0.02062831681754773,50,False
momentum,0.0005623413251903491,full,42,0.12498463022614553,0.15255979391545993,50,False
momentum,0.0005623413251903491,full,1337,0.12402481549272058,0.15064800782637117,50,False
momentum,0.0005623413251903491,full,31415,0.13129681904014157,0.1512974646194694,50,False
momentum,0.0005623413251903491,sgd,42,0.004650642862170972,0.0055400746471039085,50,False
momentum,0.0005623413251903491,sgd,1337,0.007971215683926256,0.00604785256338936,50,False
momentum,0.0005623413251903491,sgd,31415,0.006699021718514937,0.009368872138269417,50,False
momentum,0.001,full,42,0.11880980966596803,0.1454317483683878,50,False
momentum,0.001,full,1337,0.1147267224493321,0.13959791345820083,50,False
momentum,0.001,full,31415,0.12132987628240115,0.13956394398455865,50,False
momentum,0.001,sgd,42,0.0014959251990494648,0.002441047088783239,50,False
momentum,0.001,sgd,1337,0.001440360248164741,0.0011880863537501135,50,False
momentum,0.001,sgd,31415,0.0028369502091111338,0.003739549673987238,50,False
momentum,0.0017782794100389228,full,42,0.10694888283043491,0.13165012533967688,50,False
momentum,0.0017782794100389228,full,1337,0.09979491953254632,0.12199930243100836,50,False
momentum,0.0017782794100389228,full,31415,0.1042970792918975,0.11971068704280735,50,False
momentum,0.0017782794100389228,sgd,42,0.0012096941772270584,0.0024470024595684343,50,False
momentum,0.0017782794100389228,sgd,1337,0.0010303457257084129,0.0011719536192565784,50,False
momentum,0.0017782794100389228,sgd,31415,0.001189848013018213,0.0019110462872431637,50,False
momentum,0.0031622776601683794,full,42,0.08900092694307879,0.1105852403890061,50,False
momentum,0.0031622776601683794,full,1337,0.0797845626638024,0.09800354817299027,50,False
momentum,0.0031622776601683794,full,31415,0.0747772000569878,0.08565662349728394,50,False
momentum,0.0031622776601683794,sgd,42,0.0010101627474827066,0.0017058185179387921,50,False
momentum,0.0031622776601683794,sgd,1337,0.0015428698960594058,0.002195617174312529,50,False
momentum,0.0031622776601683794,sgd,31415,0.0016347138756981337,0.0029502000794305646,50,False
momentum,0.005623413251903491,full,42,0.06348475102361997,0.08016329816608442,50,False
momentum,0.005623413251903491,full,1337,0.06484059760471736,0.07979121350935625,50,False
momentum,0.005623413251903491,full,31415,0.030571409562704623,0.035769447874170496,50,False
momentum,0.005623413251903491,sgd,42,0.0010636757652224265,0.0015075195637529277,50,False
momentum,0.005623413251903491,sgd,1337,0.0011441399496122046,0.0009056148809050726,50,False
momentum,0.005623413251903491,sgd,31415,0.0010837228766339595,0.0017554497424632322,50,False
momentum,0.01,full,42,0.04413757264237575,0.05665871488785356,50,False
momentum,0.01,full,1337,0.044956482663384714,0.05488969341357459,50,False
momentum,0.01,full,31415,0.014265282980044678,0.01654944942205149,50,False
momentum,0.01,sgd,42,0.0011068723135528695,0.0013856278449528479,50,False
momentum,0.01,sgd,1337,0.001685164485192879,0.0013641004827825024,50,False
momentum,0.01,sgd,31415,0.0011745677196397827,0.0016404394155187124,50,False
momentum,0.01778279410038923,full,42,0.018443877759478963,0.01982158165247033,50,False
momentum,0.01778279410038923,full,1337,0.0074073840002135535,0.008264125219406043,50,False
momentum,0.01778279410038923,full,31415,0.008923522857958294,0.008660841932222836,50,False
momentum,0.03162277660168379,full,42,0.013065390526811403,0.014780692828854554,50,False
momentum,0.03162277660168379,full,1337,6.611001996573802e+20,4.6340216502113036e+20,50,False
momentum,0.03162277660168379,full,31415,4.954689641679503e+16,4.576897982489336e+16,50,False
momentum,0.05623413251903491,full,42,4.7995346043612456e+16,4.651950860261872e+16,50,False
momentum,0.05623413251903491,full,1337,1.925759078124393e+16,1.6860475157302024e+16,50,False
momentum,0.05623413251903491,full,31415,1.5469958490083975e+22,1.4297253743082477e+22,50,False
momentum,0.1,full,42,4.599120220000184e+18,2.734256681302079e+18,50,False
momentum,0.1,full,1337,1.3026980382966902e+16,9007504814908996.0,50,False
momentum,0.1,full,31415,3.293262441748156e+17,3.0072452545139904e+17,50,False
momentum,0.1778279410038923,full,42,2.762768088221128e+24,2.6790230984937866e+24,50,False
momentum,0.1778279410038923,full,1337,1.706659179808931e+16,1.498675892783502e+16,50,False
momentum,0.1778279410038923,full,31415,1.2973620033103302e+16,1.1989789633848274e+16,50,False
momentum,0.31622776601683794,full,42,7.816499829391295e+17,7.579519180884959e+17,50,False
momentum,0.31622776601683794,full,1337,4.8043672375682464e+17,4.218854047568768e+17,50,False
momentum,0.31622776601683794,full,31415,6.539354268178822e+17,6.043400097317263e+17,50,False
momentum,0.5623413251903491,full,42,3.0487628598346408e+19,2.956122132469837e+19,50,False
momentum,0.5623413251903491,full,1337,4.072034956341257e+19,3.5754918135990043e+19,50,False
momentum,0.5623413251903491,full,31415,7.761392670444963e+19,7.1721287504239305e+19,50,False
momentum,1.0,full,42,2.8285544839061433e+21,2.742835153356463e+21,50,False
momentum,1.0,full,1337,3.4814619377703416e+21,3.057228785793762e+21,50,False
momentum,1.0,full,31415,5.35296089423435e+21,4.94717950879247e+21,50,False
rmsprop,1e-08,full,42,2.2521107857303746,1.9180608295804626,50,False
rmsprop,1e-08,full,1337,2.9608428853814384,2.4171695321494298,50,False
rmsprop,1e-08,full,31415,2.295033438492166,2.0586024612294205,50,False
rmsprop,1e-08,sgd,42,2.1642912112262267,1.8483941277094074,50,False
rmsprop,1e-08,sgd,1337,2.851861315867975,2.329625291513232,50,False
rmsprop,1e-08,sgd,31415,2.2220738301252876,1.994787812094363,50,False
rmsprop,1.7782794100389228e-08,full,42,2.2467873756882972,1.9138386371594935,50,False
rmsprop,1.7782794100389228e-08,full,1337,2.954203326304039,2.4118337600648276,50,False
rmsprop,1.7782794100389228e-08,full,31415,2.2904619728868374,2.054648091201586,50,False
rmsprop,1.7782794100389228e-08,sgd,42,2.092353151040175,1.7912827278839114,50,False
rmsprop,1.7782794100389228e-08,sgd,1337,2.7623373670293057,2.257722500030182,50,False
rmsprop,1.7782794100389228e-08,sgd,31415,2.1617890752680564,1.9420937364190494,50,False
rmsprop,3.162277660168379e-08,full,42,2.237339394008376,1.906344653813628,50,False
rmsprop,3.162277660168379e-08,full,1337,2.9424173445512736,2.402362326360454,50,False
rmsprop,3.162277660168379e-08,full,31415,2.282345423561929,2.047627006200711,50,False
rmsprop,3.162277660168379e-08,sgd,42,1.9681778404813735,1.69260104352903,50,False
rmsprop,3.162277660168379e-08,sgd,1337,2.6073172561694036,2.1332455566878297,50,False
rmsprop,3.162277660168379e-08,sgd,31415,2.056906656702287,1.8503975555823242,50,False
rmsprop,5.6234132519034905e-08,full,42,2.2205968185527354,1.8930633184824663,50,False
rmsprop,5.6234132519034905e-08,full,1337,2.921524978627003,2.38557339017785,50,False
rmsprop,5.6234132519034905e-08,full,31415,2.267952385297964,2.035175988434335,50,False
rmsprop,5.6234132519034905e-08,sgd,42,1.7591440738338773,1.5261549656849547,50,False
rmsprop,5.6234132519034905e-08,sgd,1337,2.3447273693251027,1.9224861320936788,50,False
rmsprop,5.6234132519034905e-08,sgd,31415,1.877715730749304,1.6936710669562802,50,False
rmsprop,1e-07,full,42,2.1910089769004575,1.8695878000915525,50,False
rmsprop,1e-07,full,1337,2.8845823019524826,2.3558883162816926,50,False
rmsprop,1e-07,full,31415,2.242485450366716,2.013143467674495,50,False
rmsprop,1e-07,sgd,42,1.4245749831067474,1.2585468476760675,50,False
rmsprop,1e-07,sgd,1337,1.9183830614685216,1.580589017578711,50,False
rmsprop,1e-07,sgd,31415,1.582153814385008,1.4349540212328298,50,False
rmsprop,1.7782794100389227e-07,full,42,2.138978429330939,1.8282916015427375,50,False
rmsprop,1.7782794100389227e-07,full,1337,2.819550202739716,2.3036377283920637,50,False
rmsprop,1.7782794100389227e-07,full,31415,2.1976025001531134,1.9743076511469593,50,False
rmsprop,1.7782794100389227e-07,sgd,42,0.9487621616486911,0.8722896202971242,50,False
rmsprop,1.7782794100389227e-07,sgd,1337,1.2847281234933436,1.0733863116064786,50,False
rmsprop,1.7782794100389227e-07,sgd,31415,1.1337231861723636,1.0419251903122548,50,False
rmsprop,3.162277660168379e-07,full,42,2.0483001216719567,1.756275123177118,50,False
rmsprop,3.162277660168379e-07,full,1337,2.705993555484468,2.212417382935557,50,False
rmsprop,3.162277660168379e-07,full,31415,2.119065995642697,1.9063342265267178,50,False
rmsprop,3.162277660168379e-07,sgd,42,0.42729329278426603,0.433895160678918,50,False
rmsprop,3.162277660168379e-07,sgd,1337,0.5462924151094132,0.4810329779324454,50,False
rmsprop,3.162277660168379e-07,sgd,31415,0.5639207614138998,0.5402221167570944,50,False
rmsprop,5.62341325190349e-07,full,42,1.8928707520332342,1.6326835068228018,50,False
rmsprop,5.62341325190349e-07,full,1337,2.510628869948596,2.0555367903398682,50,False
rmsprop,5.62341325190349e-07,full,31415,1.9834365595870054,1.7888872904989983,50,False
rmsprop,5.62341325190349e-07,sgd,42,0.14847365205032706,0.17717149485038475,50,False
rmsprop,5.62341325190349e-07,sgd,1337,0.14196530298515908,0.16671702232046023,50,False
rmsprop,5.62341325190349e-07,sgd,31415,0.1560297375504591,0.17610717943428222,50,False
rmsprop,1e-06,full,42,1.6347871133547256,1.426961978326303,50,False
rmsprop,1e-06,full,1337,2.183776678015819,1.7932477524490935,50,False
rmsprop,1e-06,full,31415,1.7549738252455922,1.5908556530336702,50,False
rmsprop,1e-06,sgd,42,0.13694943362263,0.16690294013389612,50,False
rmsprop,1e-06,sgd,1337,0.13732890469870063,0.16608537903007536,50,False
rmsprop,1e-06,sgd,31415,0.14495378941765463,0.16650996112946587,50,False
rmsprop,1.778279410038923e-06,full,42,1.2340687674267548,1.1055531703901509,50,False
rmsprop,1.778279410038923e-06,full,1337,1.6664174288122886,1.3786520211822353,50,False
rmsprop,1.778279410038923e-06,full,31415,1.3888472597069812,1.2728255031037043,50,False
rmsprop,1.778279410038923e-06,sgd,42,0.1363848322969902,0.16624027090810947,50,False
rmsprop,1.778279410038923e-06,sgd,1337,0.1367811365842559,0.16545370882834487,50,False
rmsprop,1.778279410038923e-06,sgd,31415,0.14443527747842164,0.16591570278480897,50,False
rmsprop,3.162277660168379e-06,full,42,0.7079288239046406,0.6739096532580365,50,False
rmsprop,3.162277660168379e-06,full,1337,0.9536442050529366,0.8075032003771909,50,False
rmsprop,3.162277660168379e-06,full,31415,0.8747548199010469,0.8243162615823073,50,False
rmsprop,3.162277660168379e-06,sgd,42,0.1353780983148928,0.16506403953258286,50,False
rmsprop,3.162277660168379e-06,sgd,1337,0.13557401932931767,0.16403862712271813,50,False
rmsprop,3.162277660168379e-06,sgd,31415,0.14352190442546606,0.16487331510000086,50,False
rmsprop,5.623413251903491e-06,full,42,0.2559601238250636,0.2784253291760338,50,False
rmsprop,5.623413251903491e-06,full,1337,0.25877385474959885,0.25310343490397114,50,False
rmsprop,5.623413251903491e-06,full,31415,0.3236837002237432,0.3289342764639814,50,False
rmsprop,5.623413251903491e-06,sgd,42,0.1334135975165888,0.16275428838071043,50,False
rmsprop,5.623413251903491e-06,sgd,1337,0.13325609306903435,0.1612778030511718,50,False
rmsprop,5.623413251903491e-06,sgd,31415,0.14185380211420606,0.16296332142274492,50,False
rmsprop,1e-05,full,42,0.13692698388926394,0.16659631318492146,50,False
rmsprop,1e-05,full,1337,0.13727482459805013,0.1663119560035971,50,False
rmsprop,1e-05,full,31415,0.1448905672290489,0.16719144333768668,50,False
rmsprop,1e-05,sgd,42,0.12993036447522247,0.15864318708010894,50,False
rmsprop,1e-05,sgd,1337,0.12796757310515397,0.15496667743899276,50,False
rmsprop,1e-05,sgd,31415,0.13743596989305445,0.15773153589708502,50,False
rmsprop,1.778279410038923e-05,full,42,0.13633503332893174,0.16589791988530542,50,False
rmsprop,1.778279410038923e-05,full,1337,0.13670356667612343,0.16564024182679085,50,False
rmsprop,1.778279410038923e-05,full,31415,0.14431228243574223,0.16652529698327526,50,False
rmsprop,1.778279410038923e-05,sgd,42,0.1231204854764954,0.15053991441370296,50,False
rmsprop,1.778279410038923e-05,sgd,1337,0.11421710225405297,0.1385511435418643,50,False
rmsprop,1.778279410038923e-05,sgd,31415,0.12932540999131578,0.14811717823524734,50,False
rmsprop,3.1622776601683795e-05,full,42,0.13523876587667796,0.1646144262102889,50,False
rmsprop,3.1622776601683795e-05,full,1337,0.13548194690021648,0.1641901737783574,50,False
rmsprop,3.1622776601683795e-05,full,31415,0.1432652767986513,0.16531887848109875,50,False
rmsprop,3.1622776601683795e-05,sgd,42,0.10563985124814881,0.12989848047363683,50,False
rmsprop,3.1622776601683795e-05,sgd,1337,0.0696588121056062,0.0846136251923924,50,False
rmsprop,3.1622776601683795e-05,sgd,31415,0.1122148464421147,0.12809914609446843,50,False
rmsprop,5.623413251903491e-05,full,42,0.13312831881087742,0.16211426120589048,50,False
rmsprop,5.623413251903491e-05,full,1337,0.13291318622899528,0.1610866035083604,50,False
rmsprop,5.623413251903491e-05,full,31415,0.1413985757479739,0.1631455128704917,50,False
rmsprop,5.623413251903491e-05,sgd,42,0.028991574598445747,0.03812848855995317,50,False
rmsprop,5.623413251903491e-05,sgd,1337,0.0075348843351889724,0.007929378390281579,50,False
rmsprop,5.623413251903491e-05,sgd,31415,0.07040317146115295,0.07635161987081478,50,False
rmsprop,0.0001,full,42,0.12928999030217367,0.15749020788309678,50,False
rmsprop,0.0001,full,1337,0.12788737047174972,0.15494629078518446,50,False
rmsprop,0.0001,full,31415,0.13688738535769585,0.15777070865805393,50,False
rmsprop,0.0001,sgd,42,0.0029552391093782336,0.005442683668501513,50,False
rmsprop,0.0001,sgd,1337,0.001186688507156233,0.0012936862038908175,50,False
rmsprop,0.0001,sgd,31415,0.0027956131851024925,0.002876658662298763,50,False
rmsprop,0.00017782794100389227,full,42,0.12182243411087322,0.1482282097430484,50,False
rmsprop,0.00017782794100389227,full,1337,0.1180250848278458,0.14275289546309697,50,False
rmsprop,0.00017782794100389227,full,31415,0.12969984398675152,0.14907998314245652,50,False
rmsprop,0.00017782794100389227,sgd,42,0.0016069529743676272,0.0027547022987116344,50,False
rmsprop,0.00017782794100389227,sgd,1337,0.0012307785151303378,0.001694534795521311,50,False
rmsprop,0.00017782794100389227,sgd,31415,0.0027328108942398376,0.0033077995241611925,50,False
rmsprop,0.00031622776601683794,full,42,0.10700708522510088,0.13002157783234877,50,False
rmsprop,0.00031622776601683794,full,1337,0.10279147835017588,0.12285283240927308,50,False
rmsprop,0.00031622776601683794,full,31415,0.11586884798646366,0.13172682902414418,50,False
rmsprop,0.00031622776601683794,sgd,42,0.001080228559636707,0.0014501374655625087,50,False
rmsprop,0.00031622776601683794,sgd,1337,0.001197994327098576,0.0012566756973907034,50,False
rmsprop,0.00031622776601683794,sgd,31415,0.0014487143685959247,0.00209676487319907,50,False
rmsprop,0.0005623413251903491,full,42,0.095830895020808,0.11422200876907296,50,False
rmsprop,0.0005623413251903491,full,1337,0.10266332985926552,0.11781470854804912,50,False
rmsprop,0.0005623413251903491,full,31415,0.10345849069685441,0.11554167663886508,50,False
rmsprop,0.0005623413251903491,sgd,42,0.0023766298947774335,0.0023126553154117794,50,False
rmsprop,0.0005623413251903491,sgd,1337,0.0011882473950096178,0.001036201257856877,50,False
rmsprop,0.0005623413251903491,sgd,31415,0.0016191210248710647,0.0020795263297234932,50,False
rmsprop,0.001,full,42,0.09743178690516498,0.10566406865936445,50,False
rmsprop,0.001,full,1337,0.11160574926375286,0.12366220421353309,50,False
rmsprop,0.001,full,31415,0.055696979983062764,0.062292169718678084,50,False
rmsprop,0.001,sgd,42,0.003660350708799512,0.005095243653101069,50,False
rmsprop,0.001,sgd,1337,0.027168634492920084,0.022534978879467423,50,False
rmsprop,0.001,sgd,31415,0.013410680133586808,0.013153969497367246,50,False
rmsprop,0.0017782794100389228,full,42,0.17699111614178295,0.17833024194109132,50,False
rmsprop,0.0017782794100389228,full,1337,0.20338112138129955,0.21473645938549282,50,False
rmsprop,0.0017782794100389228,full,31415,0.23292006425342834,0.21940961306393875,50,False
rmsprop,0.0017782794100389228,sgd,42,82.39674292484413,79.84098677223821,50,False
rmsprop,0.0017782794100389228,sgd,1337,15.252581770144081,13.314208819881847,50,False
rmsprop,0.0017782794100389228,sgd,31415,1.0695236702987128,0.8651508627634047,50,False
rmsprop,0.0031622776601683794,full,42,32.81207784020185,30.291836160736757,50,False
rmsprop,0.0031622776601683794,full,1337,0.33323170094090865,0.3168658771633481,50,False
rmsprop,0.0031622776601683794,full,31415,35.46646299950477,23.33459733717068,50,False
rmsprop,0.0031622776601683794,sgd,42,59547.73972235241,57724.323393382096,50,False
rmsprop,0.0031622776601683794,sgd,1337,172485.11949807964,120937.0258554334,50,False
rmsprop,0.0031622776601683794,sgd,31415,3473.790853564496,3210.294834773232,50,False
rmsprop,0.005623413251903491,full,42,8012.573873690536,6773.407322855475,50,False
rmsprop,0.005623413251903491,full,1337,6.14639768338489,4.607203749355678,50,False
rmsprop,0.005623413251903491,full,31415,1221.0995694778749,754.1038479893473,50,False
rmsprop,0.005623413251903491,sgd,42,559136852.7037286,542182131.5770572,50,False
rmsprop,0.005623413251903491,sgd,1337,1743650.5401729338,1223479.8631275543,50,False
rmsprop,0.005623413251903491,sgd,31415,555416714.1299582,512491713.2101442,50,False
rmsprop,0.01,full,42,82278.4267108413,74684.6908015104,50,False
rmsprop,0.01,full,1337,38925.206010587324,27322.871869202867,50,False
rmsprop,0.01,full,31415,344082.0278237332,216167.90780352798,50,False
rmsprop,0.01,sgd,42,73785013850.90564,71366443448.44225,50,False
rmsprop,0.01,sgd,1337,2727364847.0398088,2395000938.1512938,50,False
rmsprop,0.01,sgd,31415,51792151655.54444,47822803002.62496,50,False
rmsprop,0.01778279410038923,full,42,66997230.70060375,46591764.48170166,50,False
rmsprop,0.01778279410038923,full,1337,24797831.421526685,20352634.053355265,50,False
rmsprop,0.01778279410038923,full,31415,21908848.54922097,15352834.123273082,50,False
rmsprop,0.03162277660168379,full,42,2162699968.7657437,1448630268.5161948,50,False
rmsprop,0.03162277660168379,full,1337,1870259445.3842628,1535820900.294363,50,False
rmsprop,0.03162277660168379,full,31415,1893493896.4693778,1655693686.7695453,50,False
rmsprop,0.05623413251903491,full,42,192183653362.4351,140867327972.59393,50,False
rmsprop,0.05623413251903491,full,1337,92989782241.54773,71453644206.82312,50,False
rmsprop,0.05623413251903491,full,31415,163680930334.45065,137745490902.08972,50,False
rmsprop,0.1,full,42,9042031769288.307,7081872364686.26,50,False
rmsprop,0.1,full,1337,5482616959686.881,4494716139446.116,50,False
rmsprop,0.1,full,31415,6061240922725.456,4966725092132.004,50,False
rmsprop,0.1778279410038923,full,42,561296290466394.3,440140300408313.4,50,False
rmsprop,0.1778279410038923,full,1337,250466184146975.28,205418147957720.0,50,False
rmsprop,0.1778279410038923,full,31415,307200544467721.5,254621060561164.47,50,False
rmsprop,0.31622776601683794,full,42,1.915596282289062e+16,1.6503374760153932e+16,50,False
rmsprop,0.31622776601683794,full,1337,1.3338171662598636e+16,1.0923836562254196e+16,50,False
rmsprop,0.31622776601683794,full,31415,1.2257823246916162e+16,1.016160442562201e+16,50,False
rmsprop,0.5623413251903491,full,42,9.233218931788426e+17,7.869954746439148e+17,50,False
rmsprop,0.5623413251903491,full,1337,5.472642035827727e+17,4.477331397531677e+17,50,False
rmsprop,0.5623413251903491,full,31415,4.2719683620606035e+17,3.5548529280555354e+17,50,False
rmsprop,1.0,full,42,3.941662256579475e+19,3.3688092226054873e+19,50,False
rmsprop,1.0,full,1337,1.93734688702462e+19,1.5978497647618484e+19,50,False
rmsprop,1.0,full,31415,1.829599096834731e+19,1.5072395142638911e+19,50,False
