epoch,train_loss,val_loss_noisy
1,4.070137745108493,3.3424136645527165
2,2.540315272635603,2.0863927548828407
3,1.5685549495427726,1.2898926468680114
4,0.9207807422893263,0.7576281217506514
5,0.49137734616813894,0.4032551531392491
6,0.2408848353661378,0.19466185321195298
7,0.1439985433328825,0.11155191066713198
8,0.13726336808650663,0.10484358148221468
9,0.1367371970347104,0.10439123120163483
10,0.13625484010015756,0.10401165532602334
11,0.1357758824694341,0.10363571485541898
12,0.1353047200694159,0.10326621992660898
13,0.13483466977936343,0.10289838947219085
14,0.13436408093216784,0.10253119368015065
15,0.13389192948005502,0.10216363335000056
16,0.13341736259387532,0.10179608836485919
17,0.13293993546468652,0.10142722777152155
18,0.13246106364897917,0.10105715022800511
19,0.13197790478528362,0.10068407691691444
20,0.13149007544684713,0.10030767168823707
21,0.13099719611353142,0.09992757772428794
22,0.13049893314686165,0.09954348201919341
23,0.12999499382123253,0.09915511161203305
24,0.1294851202644716,0.09876222762687448
25,0.12896908445448443,0.09836462033261292
26,0.12844668413218457,0.09796210512666717
27,0.12791773943806412,0.09755451924527425
28,0.12738058131050087,0.0971414035336332
29,0.12683445751119962,0.09672174397461827
30,0.1262812767156429,0.0962965729213311
31,0.1257211924808054,0.0958658195505442
32,0.12515473424621434,0.09542990782052137
33,0.12458094083920226,0.09498825705033653
34,0.12399973207187293,0.09454080368247385
35,0.1234110346706765,0.09408749009378814
36,0.12281478383040519,0.09362826694679441
37,0.12221092260904745,0.09316309260339369
38,0.12159940135477347,0.09269193255054563
39,0.12098116951617623,0.09221536557368389
40,0.12035499807653934,0.09173242393163068
41,0.11972570904171873,0.09124634632365386
42,0.11908759344041035,0.09075255963554353
43,0.11844217631282003,0.09025292776599424
44,0.11778901966628899,0.08974725523893812
45,0.11712812277996956,0.08923555977303696
46,0.11645753378000029,0.0887178490443843
47,0.1157790987061884,0.0881941236861354
48,0.11509578160747515,0.08766855087146708
49,0.11440148295897185,0.08713224995197565
50,0.11369959238287586,0.08659024158309953
51,0.11298989851509464,0.08604224540350246
52,0.11227242520939498,0.08548830398357772
53,0.11154717813564201,0.08492843404253703
54,0.11081416601216772,0.08436265583036866
55,0.1100733985550297,0.08379099048371084
56,0.10932488617743545,0.0832134599844395
57,0.1085672431718228,0.08262958164070286
58,0.10780173055500857,0.08203984586125346
59,0.10702848196004619,0.08144324169815857
60,0.10624748473705163,0.08082383271504828
61,0.10545870467771089,0.08017734041424607
62,0.10466210101329454,0.07952238873408846
63,0.10386292754045486,0.07886691510417607
64,0.10305688181712579,0.07820518929122501
65,0.10223684133182413,0.07752904178069175
66,0.10140784018230733,0.07684497530051357
67,0.10057167801902218,0.07615502050715563
68,0.09972750979788043,0.07545841842840804
69,0.09887767961421323,0.07475559653525662
70,0.09802008658899657,0.07404661387078948
71,0.09715477774867375,0.07333152356625627
72,0.09627941753353736,0.07261037888676114
73,0.09539557578802929,0.07188322137384592
74,0.09449263486365009,0.07114730702601595
75,0.09355529218782645,0.07039739900423736
76,0.09260416311759881,0.06963782825686426
77,0.09164596975954893,0.06887306042008555
78,0.0906813091072323,0.06810236473725925
79,0.08971113674283789,0.06732578424613565
80,0.08873323010887627,0.0665434211021142
81,0.08774767293125996,0.06575537265039656
82,0.0867545585312669,0.06495759251251824
83,0.08575399022311177,0.06414622644561216
84,0.08474608172554424,0.06332947650382534
85,0.0837263056846347,0.0625075084301501
86,0.08267194714140447,0.06167425388501981
87,0.08157088964175252,0.060821573537400246
88,0.08045685748152087,0.05997413246205314
89,0.07933208665795313,0.0591192949948845
90,0.07819726610675971,0.058257721075431236
91,0.07705131865108364,0.057390804970117205
92,0.07588890573557203,0.05652547143807569
93,0.07470007326871823,0.05565430029153696
94,0.07350194741595224,0.05477272093998369
95,0.07229467012750662,0.0538810162776353
96,0.07107839475396847,0.05298429808058565
97,0.06985309639411456,0.05205761991626268
98,0.06861404119970893,0.051077267319423574
99,0.06736389791391893,0.05007502222075566
100,0.06610786201098544,0.049068054342671114
101,0.06484388402817873,0.04805674929597336
102,0.06356708672272314,0.047038013544877605
103,0.06227772676587605,0.04602781502490027
104,0.060982821357363326,0.045015055222279624
105,0.059683031638566135,0.043987096877809446
106,0.05838738928186069,0.042937658522016496
107,0.05709008689353581,0.04183026797391421
108,0.05578918029303167,0.040725284154465066
109,0.05448900027195521,0.039625067953266355
110,0.05319257703806053,0.03852949732168926
111,0.05190669845498005,0.03744216308068642
112,0.050586533166685696,0.036360037383064675
113,0.04922113129769322,0.035272325861660146
114,0.047818739731318505,0.03417188358446395
115,0.046423227124455686,0.033087029721286035
116,0.04502643629233495,0.03201708747157382
117,0.043633467986470255,0.03096842989978643
118,0.04225967353249569,0.029943162161793234
119,0.04086378838207084,0.02892585830399156
120,0.03949105802357475,0.02793660689693106
121,0.03806749493300224,0.026948497668210183
122,0.03665574651955313,0.025986664760163997
123,0.03509550179697841,0.02500592013914593
124,0.033567798517523395,0.024023682843589526
125,0.03186604567370123,0.022979571701977966
126,0.030138012635123224,0.02195456284564368
127,0.02844518852310784,0.020860351456979256
128,0.026745853823750804,0.01979962412293427
129,0.025098919568853097,0.01877970482251033
130,0.023562038593494847,0.01777209622570545
131,0.022066529406991744,0.016826876448994072
132,0.02078693109822517,0.01599691716291135
133,0.019644423521612022,0.015261945738616941
134,0.01863031576539393,0.014641658526183413
135,0.01775926895190672,0.01412517064956236
136,0.01695643068041532,0.01366917490419102
137,0.016314620425039953,0.013310105358448593
138,0.015794899111374536,0.01302239651130356
139,0.015374441403046902,0.012783934157939525
140,0.01499585760719296,0.012575038763234314
141,0.014641034800749532,0.012390791329550257
142,0.014342688459604605,0.012244947172515161
143,0.014062249829679175,0.012117951016251476
144,0.013809643876895839,0.012011550081883277
145,0.013594795082821702,0.011919498529907036
146,0.013408692895869035,0.011836611610807977
147,0.013240445746315013,0.0117632200232177
148,0.013082394745620615,0.011701269701778384
149,0.012952818549629949,0.011648898445804834
150,0.012845499334995403,0.011606664256426638
151,0.012750750740664682,0.011571516916009607
152,0.012615908804893739,0.011523517282583502
153,0.01254768820390555,0.011504915501876765
154,0.012497020750957363,0.011493458089064245
155,0.012433728069030208,0.011481399889047143
156,0.01238477753715601,0.011474748842166345
157,0.012333259859969267,0.011471164408206487
158,0.012292012559134174,0.011469818406498373
159,0.012254678120467823,0.011467893102483721
160,0.01222053082568728,0.011465246468850014
161,0.012188802727767718,0.011461713360166518
162,0.012158942408540173,0.011457223591494052
163,0.012130773472373482,0.011451728588953632
164,0.012104310550237002,0.011445997254049012
165,0.012078771855418249,0.011444338021778123
166,0.012030516396397992,0.01144385294303422
167,0.012017204418275093,0.01145277096765521
168,0.011998938426323158,0.011454869464866206
169,0.011963390527276943,0.011456059385521447
170,0.011943476185301201,0.011463095497172667
171,0.011923511567783988,0.011465014046646628
172,0.01190409286415988,0.011465659547781006
173,0.011901723436280893,0.011467805120501535
174,0.011887765903606833,0.01146685847602044
175,0.011874349982434064,0.011465364396663907
176,0.011861218758129299,0.011463091349602737
177,0.011891962326178701,0.011470197441439994
178,0.01188137856415827,0.01146853274923012
179,0.011871791471617835,0.01146628498365434
180,0.01186005628675222,0.011462449579183418
181,0.011849350611351572,0.011458052586161479
182,0.011838538944421814,0.011452999416814623
183,0.011827664799753319,0.011447395764863082
184,0.01181674391339404,0.01144132568502843
185,0.011805793198176548,0.01143486262472043
186,0.011794828876091438,0.011428070137137073
187,0.011783866073354344,0.011421003051642271
188,0.011773569231343987,0.01141435852348292
189,0.011764842539173679,0.011407251450003498
190,0.011765863043481567,0.011414996791957191
191,0.011758486711844807,0.011406482319445323
192,0.011749175813541205,0.011397701972851415
193,0.011749255112592815,0.011403061334176267
194,0.011741670128957467,0.011392962847494
195,0.011741764170427868,0.011397817934642762
196,0.011733164163088191,0.01138562407415414
197,0.011722323839150922,0.011373595817538123
198,0.011720891389398217,0.011376875379564137
199,0.011706561810842526,0.011360687189087885
200,0.011703798284602732,0.011363224202499555
201,0.011693385053317028,0.011348866521588397
202,0.011689507126231614,0.011350529886992578
203,0.011678420342337462,0.01133512088118739
204,0.011673812944392738,0.011335871933418921
205,0.011673014389416267,0.01133634603106858
206,0.011659332043286421,0.011317716340413968
207,0.011653943156987798,0.011316877312229435
208,0.011640183491928918,0.011297868006863181
209,0.01163423610289146,0.01129653282359155
210,0.011632079999512978,0.011294989614402649
211,0.011616245122677131,0.011273591251258673
212,0.011609435762627907,0.011271089751413495
213,0.011593256529020062,0.011249828281311389
214,0.011585808938478763,0.01124710366874476
215,0.011582157013367391,0.011244290154407652
216,0.01156420924629193,0.011221137774223183
217,0.011556484116958123,0.011217537714978958
218,0.011552154604104673,0.011213771835696242
219,0.011532734199887169,0.011189176627125772
220,0.011524924014572693,0.011184959729460143
221,0.011520073207336636,0.011180492573038754
222,0.01149934381890551,0.011154760128857055
223,0.011491628807762357,0.011150125220766431
224,0.011485396880789816,0.011145130141028955
225,0.011462399451312465,0.011118483844664209
226,0.0114538944122981,0.011113592175984618
227,0.011447310487911581,0.01110823617532279
228,0.01142317403960925,0.011080831286750097
229,0.011415109724001987,0.011075958997957498
230,0.011408336412369605,0.011070704373195213
231,0.011383077885579303,0.011043085766127732
232,0.01137560649254843,0.011038632722145005
233,0.011368715831211008,0.011034419404037267
234,0.011342151770323657,0.01100804701021321
235,0.011335834175114105,0.011005808959430936
236,0.011328965629116984,0.011002336391040769
237,0.011301405025666024,0.010976005497745737
238,0.011295660196177493,0.010973562293563117
239,0.011288826139883516,0.010969830289087464
240,0.01128128099770283,0.010965016679363542
241,0.01125052642056067,0.010936652209739708
242,0.011246920399077577,0.01093470074960073
243,0.011239668136161719,0.010930682294506666
244,0.011206676920770868,0.010902059985922537
245,0.011203274617430233,0.010900543352820764
246,0.011195483812304067,0.010896635757967647
247,0.011161137437870759,0.010867528008254556
248,0.011159177988561184,0.010866487560222422
249,0.011151634287251713,0.010862660161355097
250,0.011115780318811318,0.01083297739622041
251,0.01111535898820535,0.01083246439338435
252,0.011108752810507905,0.010828869092518508
253,0.01110142149546533,0.010824078382651616
254,0.011061889313713684,0.010791561959254244
255,0.011065143175677134,0.010791527996073372
256,0.011058447197126519,0.01078698170152155
257,0.0110168277421439,0.010753737915733872
258,0.011019286075071208,0.010753040859011652
259,0.01101532962341565,0.01075022803594199
260,0.010972885401634151,0.010717364595914181
261,0.01098227522523133,0.010720495868128472
262,0.01097799318015011,0.010717587152317501
263,0.010971880330606261,0.010713169143116217
264,0.010923384424940554,0.010676796188769003
265,0.010936468671428334,0.0106812976941887
266,0.010932093429660932,0.01067873640328588
267,0.010881627769413555,0.010642392324527756
268,0.010897035703061182,0.010648859274660636
269,0.010893130647879855,0.01064675287031727
270,0.01084048188449115,0.010609555350440409
271,0.010857931709956343,0.010617234695145153
272,0.010853968176051297,0.01061574048673557
273,0.010797935780729257,0.010577321315948178
274,0.010814972687644116,0.010585324414905851
275,0.01080942122792447,0.010582983566962441
276,0.010752312970829256,0.010543819511418384
277,0.010768822597144116,0.010551902914394574
278,0.010762218356674805,0.010549347727084015
279,0.010704877494915452,0.01051010406989272
280,0.0107203545646028,0.010518012793209129
281,0.010713309684190627,0.010515290078784859
282,0.010657611811953332,0.010476571018291667
283,0.010671434490476974,0.010483955594472367
284,0.010664001330771222,0.010481090503233084
285,0.01061109790122645,0.010443431654644692
286,0.010622539604355398,0.01044992862163102
287,0.010616213987713959,0.010447613086330462
288,0.010565926729778375,0.01041065716806524
289,0.010574398686726093,0.010415743524897922
290,0.010530997969987908,0.010382635780235
291,0.010537603617515037,0.010386548047710964
292,0.01053267857904174,0.010384159573241614
293,0.010493245701181242,0.010351710906836982
294,0.010498536334740538,0.010354826641446813
295,0.01049453093610259,0.01035305789895562
296,0.010456888782458085,0.01032106041418696
297,0.01046444782178148,0.01031950171888868
298,0.010423575002030352,0.010287813226220846
299,0.010420720951313578,0.010289025858616328
300,0.010419556444165562,0.010290019855691376
301,0.010402974561814658,0.010268644830993498
302,0.010395988555511401,0.010266340294266416
303,0.010371057032458017,0.010241354059125329
304,0.01036869678946863,0.010235741441225741
305,0.010345070189345556,0.010204522837323784
306,0.01031754666567153,0.010195359507095731
307,0.01032544334048362,0.010197253360768857
308,0.010312452416268436,0.010172309374303414
309,0.010284944583921003,0.010164631420346737
310,0.010287560863008771,0.010151447671426032
311,0.010268109141195964,0.010139300738410167
312,0.010257528144834396,0.010126806344373547
313,0.01024400334460031,0.010120670985656926
314,0.0102413691138967,0.01010299872427247
315,0.010217971165498468,0.010092899128377728
316,0.010223062064672307,0.010080723054466589
317,0.010191091187750651,0.010073410009220532
318,0.010199528274507005,0.010066046552533318
319,0.010176728741370487,0.01005423787952716
320,0.0101794589562202,0.010044730370590808
321,0.010157269595394171,0.010034249251841492
322,0.010161352931090984,0.010026173474675751
323,0.010138446305489586,0.010015678465737112
324,0.010137960369826225,0.010012219034622006
325,0.010123841599963863,0.009995210236522722
326,0.010099094916218885,0.009983089668606232
327,0.010106820600791669,0.009977449021737042
328,0.010083040470403455,0.009966385115454815
329,0.010093561223196724,0.009962538862643294
330,0.010070582163524579,0.00995185007648292
331,0.010080977456223786,0.009948741309524818
332,0.010066909285126387,0.00993075491714974
333,0.01004151925078645,0.009922508138266884
334,0.010054473705696579,0.009918066144173373
335,0.010028116115196705,0.009908952828065214
336,0.010042942300401059,0.0099060591561691
337,0.010024803752242612,0.00988941104042159
338,0.010003808831084121,0.009880605927943596
339,0.010012014567592376,0.009877164289926767
340,0.009990675286793586,0.009867539796384333
341,0.010000169439516605,0.009865201952429653
342,0.009987789474074743,0.009848553658032779
343,0.009960263930923759,0.009838872369756693
344,0.00997580751885748,0.0098371473526391
345,0.009947370608325143,0.009826003077025296
346,0.00996140650424824,0.00982269877848735
347,0.009945058855083976,0.009807479324461209
348,0.00992415489577301,0.009797494738820956
349,0.009931352123647865,0.00979394811377988
350,0.009922963988244217,0.009780125845203219
351,0.009895046623849999,0.00976924939569895
352,0.00990963432242871,0.0097668838403267
353,0.009893566530847341,0.009752121484750211
354,0.009873987672113097,0.009742698690272007
355,0.009880165238014408,0.009739063953360374
356,0.009872685299661317,0.009726181236342545
357,0.00985486791680879,0.009710678053802402
358,0.009837401950337896,0.009703260172036113
359,0.009845265780433786,0.009701837252439442
360,0.009838466515839197,0.00969006775490246
361,0.009811768829229413,0.009680090279200583
362,0.009826079677205444,0.009678728016505047
363,0.009811046601411631,0.009665245557739429
364,0.00980579103702754,0.0096548043830236
365,0.009779931859587837,0.009645154348816048
366,0.009794826031498382,0.009644266076457873
367,0.009779941532394696,0.00963080267712119
368,0.009771246787903077,0.009622524592372618
369,0.009767008399713525,0.009619300481087934
370,0.009747737780417027,0.009621816964063688
371,0.009773346626995876,0.009626334287116905
372,0.009764604129953431,0.009616618097081387
373,0.009756797616601011,0.009614527615702391
374,0.009749952228558659,0.009607036490870042
375,0.00974083229089583,0.00958743393371807
376,0.009707755521771352,0.009570058338218586
377,0.009716078804818798,0.009573277433110091
378,0.009703247604961806,0.00956277944895999
379,0.009698498865506828,0.009547157500861473
380,0.00968125310276558,0.009530660725673058
381,0.009666950670658642,0.009523299299797823
382,0.009655277643554467,0.009515251225690356
383,0.009651273216348292,0.009501600848767817
384,0.00963567336198415,0.009487245672105718
385,0.009623496801126785,0.009482028352952076
386,0.009612479960235416,0.00947507675341333
387,0.009616118712064862,0.009460183272424517
388,0.009597813342533562,0.009449846404951723
389,0.009585552968163762,0.009445065052165318
390,0.009589300434525327,0.009431547508349908
391,0.009570752652897188,0.00942196656408555
392,0.009577389033140255,0.00941317061617345
393,0.00955618802983236,0.00940343834488335
394,0.009551165598902171,0.00939776670364002
395,0.009538136805327325,0.009384311271732898
396,0.009526366905855446,0.009377628118464366
397,0.009529123766113944,0.009366312136410622
398,0.0095103726372333,0.009358057792957368
399,0.009514551408330572,0.0093485699941211
400,0.009494181104776709,0.009339922977493153
401,0.009497673819008963,0.009330319317653098
402,0.009477057459036677,0.0093216935200526
403,0.009479586651766469,0.009311586612954765
404,0.0094593893234365,0.009303271807012911
405,0.009465990043000853,0.009291141093782082
406,0.009451029927244912,0.009285821423410851
407,0.009441626036807331,0.00927235943762399
408,0.009448043868125925,0.009263933064670953
409,0.00943041206429848,0.009258584375971036
410,0.009419335008056346,0.00924496044846297
411,0.009412254305226459,0.009238289975205032
412,0.009395444095244438,0.009226555884853847
413,0.009398669850986753,0.009214511819580275
414,0.009389758410630115,0.009209320544577428
415,0.009373476387288335,0.0091991628266729
416,0.00937381692749392,0.009185945685034001
417,0.009364574359683143,0.009180877778252395
418,0.009348752849708184,0.00917134824542335
419,0.00934610626582412,0.009156363299981703
420,0.009338525910422306,0.009152356159742496
421,0.00933600407504047,0.009139514550011918
422,0.009330052427897305,0.009134663757581605
423,0.009319542918867043,0.009123310533270033
424,0.009307026762843874,0.009116217337077856
425,0.009302620776840645,0.009102164254276254
426,0.009299649106668481,0.009099128139355893
427,0.009289208870830252,0.009088090437816351
428,0.00927622288544013,0.009080864755061159
429,0.009271026722261447,0.009066456572386744
430,0.00928107372476288,0.009064298032102094
431,0.009280660605976569,0.009064952441325248
432,0.009273379240468217,0.009052861595442661
433,0.009265249007002567,0.009056273125145451
434,0.00924528500926036,0.009033200893726915
435,0.009264811773857306,0.00903627780763901
436,0.009287126277867005,0.009050102340786292
437,0.009284342120713503,0.009055892647781935
438,0.009273328363084405,0.009039378427319346
439,0.00932710643664634,0.00907877058381701
440,0.009361042542274968,0.0090973538802872
441,0.009433599348920236,0.00914160179841014
442,0.009467487825671849,0.009172608464389843
443,0.009479725110893582,0.009189082460293744
444,0.009490641934761459,0.009203340040470628
445,0.009500799361126485,0.009216068455792868
446,0.00951023051513916,0.009227522718800682
447,0.00951900510319258,0.009237905654188814
448,0.009527199073202621,0.009247379485814566
449,0.00953480762953937,0.009256069374033102
450,0.009541888218057947,0.009264069470301074
451,0.00954852444033662,0.00927144998937409
452,0.009554731021169596,0.009278263814999316
453,0.009560517675660834,0.00928455178183832
454,0.009565892449786707,0.009290346425101638
455,0.009570863361691693,0.009295674429759124
456,0.009575333784954168,0.009300558171984772
457,0.009579387500568378,0.009305016896263464
458,0.009583072747969667,0.009309066733132457
459,0.009586398170432326,0.0093127220301012
460,0.009589372140839898,0.00931599530159332
461,0.009592002676940839,0.00931889761201493
462,0.009594297397978794,0.00932143883641887
463,0.009596263509165997,0.009323627868464348
464,0.009597907806628154,0.009325472788107433
465,0.009599236694194702,0.009326980996825362
466,0.009600256205961197,0.009328159326569501
467,0.00960097203082314,0.00932901412755215
468,0.009601389536774248,0.009329551339056526
469,0.009601513793793998,0.009329776546672776
470,0.009601349594777755,0.009329695028692925
471,0.009600901474335177,0.00932931179384532
472,0.009600173725492682,0.009328631612101493
473,0.00959917041444123,0.009327659039928006
474,0.009597895393518746,0.009326398441069635
475,0.009597931955948269,0.009319795941286842
476,0.009595577360362328,0.009319521908080882
477,0.00959443789362101,0.00931907577296838
478,0.009592616239838246,0.00931767030875293
479,0.009590286765757433,0.00931558930557031
480,0.009587559197531492,0.009312996543310938
481,0.00958450522793519,0.009309996719891179
482,0.00958115383845645,0.009306650495365817
483,0.009577664821458283,0.009303139880073925
484,0.009573847249994006,0.009299298595104576
485,0.009569793434089232,0.009295196035345444
486,0.009565501259161644,0.009290840704387598
487,0.009560974151518973,0.009286239288672308
488,0.009556214550596454,0.009281396605244617
489,0.009551224265775088,0.009276316316831327
490,0.009546004689538777,0.009271001367617644
491,0.009540556929915785,0.009265454250988618
492,0.009534881891937543,0.009259677172795262
493,0.00952898032721431,0.009253672149958717
494,0.00952285286364916,0.009247441069189413
495,0.009516500022873839,0.009240985721241478
496,0.009509922230198376,0.009234307820297615
497,0.009503119820087415,0.009227409014437702
498,0.009496197799993574,0.009220383046385443
499,0.009489093525970197,0.00921316100316375
500,0.009481831672447047,0.009205775468095001
501,0.009474366071746999,0.009198199765685502
502,0.00946282139930216,0.009182419994019746
503,0.009457268189123907,0.009177780055821604
504,0.00945075448977619,0.009171707825694694
505,0.009443402189911515,0.009164674982828892
506,0.009435497442889539,0.00915698354423604
507,0.009427179296207702,0.009148813692253954
508,0.009418522553408307,0.009140271191369178
509,0.009409574564513815,0.009131424020747778
510,0.009400364892899601,0.009122315655683973
511,0.0093909118310325,0.00911297388521463
512,0.009381226485966907,0.009103416452495034
513,0.009371315373324994,0.009093654672799996
514,0.009361182665987722,0.009083695756389147
515,0.009350895386332903,0.009073579295872183
516,0.009340413191801242,0.00906328979238059
517,0.009329718641212134,0.009052818043183912
518,0.009318810671699799,0.009042164936224709
519,0.009307687896291768,0.009031330924611041
520,0.009296348819443431,0.009020316259820424
521,0.00928479192358083,0.009009121108637174
522,0.009273015727754649,0.008997745628295792
523,0.009261018827882186,0.00898619001487402
524,0.009248858268010583,0.0089745071603058
525,0.00923646850859837,0.008962641495500318
526,0.009223862205032613,0.008950603192317868
527,0.009211036814490876,0.00893839155800606
528,0.009197990973939866,0.00892600649845513
529,0.009184723732690659,0.008913448319423724
530,0.009171234516760869,0.00890071766549661
531,0.009157523115561608,0.008887815486358142
532,0.00914358001648459,0.00887474302203918
533,0.00911770571242875,0.008848702121793879
534,0.009113194621521955,0.008843172586073705
535,0.009100378802043601,0.008831664118544046
536,0.009067396207424963,0.008799924319114001
537,0.009066616249883782,0.008797630247171243
538,0.009054212972507697,0.008786954144777861
539,0.009040393061806968,0.008774690445801609
540,0.009025490231169386,0.008761325557501386
541,0.009009883866069482,0.0087471875292664
542,0.008993750238319154,0.008732495704629894
543,0.008977207831145225,0.008717396762604667
544,0.008960337361975516,0.00870198945005024
545,0.008943195134742375,0.00868634117790342
546,0.008925821861064344,0.00867049904272196
547,0.00890824846437786,0.00865449710318897
548,0.008890499887629374,0.00863836116391081
549,0.00887259758020443,0.008622111906789666
550,0.0088546051605256,0.008605808341800233
551,0.008836489782611041,0.008589418880574342
552,0.008818279763300095,0.00857296538122759
553,0.008799992363033454,0.008556461801860477
554,0.008781646392789586,0.00853992233037676
555,0.008763260981856376,0.008523361101642122
556,0.008744855560578498,0.008506792245609764
557,0.008726449735541607,0.008490229836789955
558,0.008708245512489759,0.008473687788719474
559,0.008690345712359068,0.00845717970586048
560,0.008554579053606761,0.008359544930063204
561,0.008644205132157122,0.008415553642518739
562,0.008632041565306375,0.008403985449171378
563,0.008497619402951014,0.008308166437156343
564,0.008589859369516423,0.008366475018920193
565,0.008441400105168737,0.008257524832332287
566,0.008555370797784076,0.008331692277571148
567,0.00842325480507337,0.008239628758314127
568,0.008521152557957708,0.008303052065013205
569,0.00839404392078372,0.00821361747517961
570,0.008372349147149781,0.008194003020812102
571,0.008473083041197777,0.008259812414407352
572,0.008346081685151788,0.00817062571306459
573,0.008325469254714312,0.00815187485489627
574,0.00831129493439868,0.008137855728934839
575,0.008292771053581924,0.008121573808532134
576,0.008280804006707698,0.008109689928838502
577,0.008262146133255642,0.008093767379594665
578,0.008253286333113147,0.008084112356766576
579,0.00823085576933038,0.008065917710638675
580,0.008230520896515445,0.008061728980464294
581,0.00819282148290137,0.008033799954617555
582,0.008228223605932174,0.008052320278548223
583,0.008125957616703105,0.007983215119868088
584,0.00826158420048234,0.008056521871076153
585,0.008019807520102892,0.007902916156901892
586,0.008272788714903993,0.008050483105388537
587,0.007928643282843687,0.007828863970274541
588,0.008213706195301432,0.007986861269166267
589,0.007883615572867052,0.007783311300153411
590,0.008182851160867866,0.007954042682039579
591,0.007829534526810367,0.007735989890403657
592,0.008152391027108848,0.007921744630387898
593,0.007754581135564249,0.007671671460153631
594,0.008117000884562738,0.007882578557332645
595,0.007722504021015272,0.007640635266522795
596,0.008073650497115852,0.007840287464308095
597,0.007652069176215406,0.007578169496969385
598,0.008037136567147414,0.0078002448377966155
599,0.007624470278400096,0.0075500974483335035
600,0.007993727735810625,0.0077584774224577855
601,0.00756005947015554,0.0074919043806532535
602,0.007958189487836477,0.007719968486652058
603,0.007538571219697838,0.007468402997188911
604,0.007947557154597561,0.007709144438918948
605,0.007497701998870351,0.007436028725754123
606,0.007915009904597224,0.007678519209823993
607,0.00746050227638991,0.007401981013492648
608,0.007877711758845185,0.007642756419751389
609,0.007365580923255167,0.007318995377970339
610,0.007827011458876708,0.00758774005503599
611,0.0073685628680541975,0.007307979867949319
612,0.007789115689589106,0.007552635233985876
613,0.00736843716074117,0.007297649908810762
614,0.007714417818936198,0.007486567358024518
615,0.007425638512585244,0.007311873566073077
616,0.007603436025772581,0.007399878213430493
617,0.007462435157644233,0.0073110168237930095
618,0.0075160687633850365,0.0073264380729950885
619,0.007448000660191402,0.007276227051173114
620,0.007462180733722465,0.007274392818506028
621,0.007397555265012539,0.007221688096899619
622,0.007396984574348111,0.007208282466681589
623,0.007369619995420062,0.007182547132094228
624,0.007329503655486044,0.007143551136948926
625,0.007313664725823536,0.0071215361879537935
626,0.007294595932763984,0.007100583182742275
627,0.007257576554553248,0.007064013725891104
628,0.007285635026206581,0.007077536288182953
629,0.007200613821883284,0.007011278940503383
630,0.007238699768544269,0.007028328943583105
631,0.007154712267261221,0.006962097629163163
632,0.0071893449374794,0.006975337338552113
633,0.007127877429282174,0.006926783938706627
634,0.007090174019125973,0.0068884045073988875
635,0.0071148434788664535,0.006900801341518726
636,0.0070300378929997395,0.006836419963924006
637,0.006991128065830988,0.006794685694192346
638,0.0070136632418827715,0.006808865940901821
639,0.006975187706078149,0.006785763729281709
640,0.00694521049774004,0.006764347730338613
641,0.006908972599085899,0.0067381231421854626
642,0.00687320144849317,0.006713627574016721
643,0.0068370305231316665,0.00668840445464057
644,0.0068010782964383325,0.006663058829204164
645,0.006765327435628183,0.0066377332253153825
646,0.006729812168196006,0.0066125331608361225
647,0.006694525325151168,0.00658750187897714
648,0.006660734674507692,0.006562660905005672
649,0.006617308833215304,0.006528121009810938
650,0.006585050363680997,0.006500881498913417
651,0.006553340678834357,0.006474177904753801
652,0.006521687574138112,0.006449580613778263
653,0.006490138591861579,0.0064292195516624405
654,0.006458708162830126,0.006408979995214911
655,0.006427413686152977,0.006388860915314079
656,0.006396283828219843,0.0063688653424388555
657,0.006365417005739555,0.0063491117244230755
658,0.006334741983311118,0.006329510464176476
659,0.006304046722283097,0.006310049453716049
660,0.0062742936374993,0.006290628460998308
661,0.006245892327779557,0.006271445503617692
662,0.0062177219602773375,0.00625242806145722
663,0.006189816917525682,0.0062335800721117374
664,0.006164656846985208,0.006215192890019994
665,0.006140931158813682,0.006197129311013606
666,0.0061174585190328186,0.006179259449965189
667,0.006098037680549355,0.006160031779171924
668,0.006071974065604548,0.006137276151365984
669,0.006032633045277393,0.00610551228995958
670,0.006007133249100506,0.00608265991277465
671,0.0059833773011404795,0.006061665683303693
672,0.005960020936006411,0.006040937634678378
673,0.0059370767515657605,0.006020538715860654
674,0.005914556318675581,0.006000483112730265
675,0.005892471315180206,0.005980779354761343
676,0.005871816394384411,0.005962854316830363
677,0.005852198212723948,0.005945137236369455
678,0.005832448082143578,0.005927187603846278
679,0.005812819127460558,0.005909279800703084
680,0.005793484911822346,0.005891583659049069
681,0.005774546341924238,0.005874195489471798
682,0.005756057614416085,0.005857166203197073
683,0.0057380439563443,0.005840519223304072
684,0.005720558492933161,0.005824261593309318
685,0.005656346334147313,0.005776993684298024
686,0.005636567860666767,0.005758115416511777
687,0.005618537557637627,0.005740831875326225
688,0.005601589380366765,0.0057245766772845465
689,0.0055854212736117965,0.005709046748221999
690,0.005569854608656016,0.005694060309127045
691,0.005554779619979235,0.005679506514807331
692,0.005540127516110276,0.005665316864722891
693,0.005525853936304559,0.005651448080223348
694,0.0055119290467900515,0.005637871850082684
695,0.005498331643425642,0.005624568722681432
696,0.005485045660960998,0.005611524489665571
697,0.005472058119027453,0.005598728058324916
698,0.005459357921120792,0.005586170208581807
699,0.005446935157225142,0.005573842872495495
700,0.005434780701951606,0.005561738720288716
701,0.005422885984758317,0.005549850924708394
702,0.005411242859396555,0.005538173028069325
703,0.005399843529849325,0.005526698867643022
704,0.005388680507889192,0.0055154225336265595
705,0.005367730603358487,0.005497880675727753
706,0.005356687925736812,0.005486512813285541
707,0.005346513118259843,0.005476022427992848
708,0.005336667694283141,0.005465812011842972
709,0.005327059893911523,0.005455818897634864
710,0.005317660246584119,0.005446059524924518
711,0.00530845061962258,0.0054364684860169895
712,0.005299418929376573,0.00542703361703697
713,0.005290556573370566,0.005417746615757199
714,0.005281856962594288,0.00540860141321016
715,0.005273314680637362,0.005399593234917062
716,0.005264925006028863,0.005390718063896019
717,0.00525668364377421,0.005381972336349251
718,0.005248586576348942,0.005373352771098012
719,0.005240629982161424,0.005364856275185715
720,0.005232810191580963,0.005356479892346476
721,0.005225123663481672,0.005348220775223828
722,0.00524495569264617,0.005363711120002098
723,0.005220103495150812,0.005341443945786104
724,0.005208982157626885,0.005329054473572069
725,0.005199467739865939,0.005318574835743236
726,0.005191003481605239,0.005309284861362727
727,0.0051832237393768105,0.00530085781806313
728,0.005175901221925769,0.005292997920927129
729,0.0051688968270624976,0.005285461294790968
730,0.005162125418334715,0.005278153607031215
731,0.0051555344716111,0.005271017798314641
732,0.005149091128563774,0.005264018930172911
733,0.005142774422107574,0.005257135246461992
734,0.005136570616493669,0.005250352889076508
735,0.005130470408987898,0.00524366276371683
736,0.0051244672424278995,0.005237058673250027
737,0.005118556281680813,0.005230536200518803
738,0.005112733788245303,0.00522409203579168
739,0.005106996734801213,0.005217723569103893
740,0.0051207338703289215,0.005228896023478729
741,0.005103634791243488,0.005212509334237498
742,0.005095179670142094,0.005202938655967543
743,0.005113291725543171,0.005217969960639456
744,0.005091864805229473,0.005197247034216819
745,0.0050821993049029925,0.005186142622464787
746,0.005074335025631826,0.0051772227400020045
747,0.005067610137017488,0.005169652354719297
748,0.005061605495889525,0.005162885962617795
749,0.0050560634012757795,0.005156618780676756
750,0.005050827593351349,0.005150672772026703
751,0.005045803190304868,0.005144942338823248
752,0.005040932106206365,0.005139364268652752
753,0.005036178344947588,0.005133900275466942
754,0.0050315192521338935,0.005128526831788835
755,0.005026940300915307,0.005123229218420697
756,0.0050224319666111895,0.005117998021073568
757,0.00501798783868105,0.0051128270531628755
758,0.005013603469484519,0.005107712114388032
759,0.005009275664900954,0.005102650242180366
760,0.005005002042223684,0.005097639255869191
761,0.005000780751317543,0.005092677476095108
762,0.004996610296589444,0.0050877635500909514
763,0.004992489421936484,0.005082896341559752
764,0.004988417035514747,0.005078074860398905
765,0.004984392159997285,0.0050732982172897855
766,0.0049804138993460095,0.005068565593993148
767,0.004976481416408949,0.005063876223688102
768,0.0049725939176890905,0.005059229377811184
769,0.004968750642911751,0.00505462435715239
770,0.004964950857831249,0.0050500604857700625
771,0.004961193849236876,0.005045537106789419
772,0.004957478921464958,0.005041053579472899
773,0.004953805393943394,0.00503660927715409
774,0.004950172599448103,0.005032203585762653
775,0.0049465798828494155,0.005027835902754554
776,0.004943026600197645,0.00502350563632303
777,0.004939512118040172,0.005019212204802071
778,0.004936035812898744,0.005014955036204224
779,0.004932597070854765,0.0050107335678507585
780,0.004929195287207661,0.0050065472460655595
781,0.0049258298661809625,0.005002395525912778
782,0.004922500220660137,0.004998277870964654
783,0.004919205771949353,0.004994193753089605
784,0.004915945949539494,0.0049901426522538615
785,0.0049127201908814935,0.004986124056331926
786,0.004909527941162001,0.004982137460923098
787,0.004906368653077804,0.004978182369171197
788,0.004926463866877976,0.004996602000642328
789,0.004925911409705284,0.004996071048212293
790,0.004912250321351702,0.004979688815825966
791,0.004903421637699124,0.004969609984422924
792,0.00489702443764851,0.004962197326309989
793,0.004891997655344932,0.004956300618388221
794,0.0048878111257757645,0.004951298575835916
795,0.0048841445212662316,0.004946833335585045
796,0.004880807810375811,0.004942698521794282
797,0.00487768664777618,0.00493880326852396
798,0.004874711165294037,0.004935173921320008
799,0.004871837946199781,0.004931638508858892
800,0.004869039538737512,0.004928171011526727
801,0.004866298279132059,0.004924755242794688
802,0.004863602600837611,0.004921380932704327
803,0.004860944795238443,0.00491804142624476
804,0.004858319631232592,0.004914732312007986
805,0.004855723490560001,0.004911450593014616
806,0.004853153817652663,0.0049081941775817204
807,0.004850608764360655,0.004904961561750178
808,0.004848086957354423,0.0049017516280820735
809,0.004845587343949262,0.004898563516250992
810,0.004843109889333121,0.004895396538623315
811,0.004840656058553085,0.004892250124472257
812,0.004838222250525694,0.004889123782683998
813,0.00483584299469019,0.004886074541515301
814,0.004833453637813537,0.004883023801629179
815,0.004852288995921804,0.004902266634478425
816,0.004839931225333811,0.004887631132712746
817,0.004833002563649978,0.004879814093237818
818,0.004844141742237135,0.0048911680268990025
819,0.004845130126011405,0.004890918500773161
820,0.004832535117225877,0.004876323096681726
821,0.004824879570324295,0.0048677993329984855
822,0.004819462869174344,0.004861659984416299
823,0.004836301072782394,0.004879334829473185
824,0.004823417434658374,0.004863750933670182
825,0.00481571870979563,0.004855265425025253
826,0.004810398096184069,0.00484921280114931
827,0.004821965778547628,0.004861422522774153
828,0.004811779060208485,0.004848863570273435
829,0.004805233437217644,0.0048415987917321875
830,0.004800596606934397,0.004836268110273787
831,0.004796933200518831,0.004831998535221566
832,0.004793868808521644,0.004828349222728366
833,0.004791172061715556,0.004825067773348811
834,0.004788706662958799,0.004822010173201232
835,0.0047863899017794335,0.004819092501224528
836,0.004784170515227097,0.0048162648822915955
837,0.004782016019134376,0.0048134970346125645
838,0.0047799053738456195,0.004810770153735777
839,0.0047778246492788164,0.004808072282914423
840,0.004775764409940622,0.004805395627448907
841,0.004773718104525628,0.004802734968065241
842,0.0047716810538118585,0.004800086705234875
843,0.0047696498019780265,0.004797448271817038
844,0.004767621692987848,0.004794817764594838
845,0.004765594588910919,0.004792193708326476
846,0.004763566679204001,0.0047895749014990625
847,0.004761536349042471,0.004787010250406642
848,0.004779314555819317,0.004806205628712486
849,0.004779441986377808,0.004804903197966482
850,0.00476949503060868,0.004791813529908799
851,0.004761905193704353,0.004783474636299381
852,0.004772390937667741,0.004794776363184816
853,0.0047621401094115005,0.004781770942863995
854,0.0047550799512656155,0.0047741553203902885
855,0.004770850022635447,0.00479126875848762
856,0.004771125193975525,0.004789381995232128
857,0.004757990423181822,0.004773855704922297
858,0.004749420318575418,0.004764712295711445
859,0.0047435094953903485,0.004758364584507657
860,0.004754192490438975,0.0047704104193514296
861,0.00474486370363146,0.004758268883382885
862,0.004758114553301446,0.004773411671898909
863,0.004745621101244558,0.004757148927332244
864,0.004736490235351841,0.004747708623871191
865,0.00473025810096866,0.004741189005107323
866,0.004736755229705027,0.00474898272014723
867,0.004728603950164858,0.00473870293089953
868,0.004737478953591142,0.0047492001481875094
869,0.0047476670873942105,0.0047589936691626
870,0.004731378593373176,0.004739343944680268
871,0.00471999647030853,0.004728042950548359
872,0.00471161042859147,0.004720088018767408
873,0.004704758391874998,0.004713967662250114
874,0.00469858092243182,0.004708761676204262
875,0.004692457484109059,0.0047039040258480425
876,0.004685833361686035,0.004698974891731265
877,0.0046895706565386365,0.004706255690043031
878,0.004698305454701502,0.004713789551580801
879,0.004699239743397451,0.004717768447720587
880,0.00468803722997452,0.004701025757478178
881,0.0046830288513245765,0.004693707849201177
882,0.004676045461265857,0.004686242657945607
883,0.004672592904879879,0.004681812430057774
884,0.004670105107101641,0.004678414159915122
885,0.004668209880780413,0.004675617063645747
886,0.004666683423932794,0.00467317802033873
887,0.004665394285335421,0.004670959571230209
888,0.004664262553125323,0.004668881806208351
889,0.004663238341030892,0.004666897016885886
890,0.004662289740800828,0.004664975946993351
891,0.004661395913731202,0.004663100188715461
892,0.004660543012074213,0.004661257881191563
893,0.004659641230589837,0.004659329602409057
894,0.0046587683397244645,0.0046574404135987105
895,0.00465795028760184,0.004655580551842728
896,0.004657163856864533,0.004653742174866108
897,0.0046564000965543285,0.004652032491750522
898,0.004655563218274584,0.004650275047942324
899,0.004654764111401825,0.004648528155265299
900,0.004653992659805185,0.00464679377062264
901,0.004653246426698603,0.004645073059923491
902,0.00465252222781517,0.004643365317275486
903,0.00465181738851348,0.00464166936510836
904,0.004651129763656876,0.00463998400010935
905,0.0046504576997065655,0.004638308169842912
906,0.004649799946876894,0.004636641014058741
907,0.004649155568777147,0.0046349818520453395
908,0.004648523863777968,0.00463333015207872
909,0.004647904301879222,0.004631685498715046
910,0.004647296476211159,0.004630047563946199
911,0.004646700066774275,0.004628416083859635
912,0.00464611481380211,0.004626790840615041
913,0.004645540498431036,0.0046251716489169375
914,0.004644976928791944,0.004623558346044435
915,0.004644423930068826,0.00462195078459294
916,0.004643881337429348,0.00462034882723508
917,0.00464334899101707,0.004618752342960601
918,0.004642826732418561,0.004617161204390117
919,0.0046423171456052474,0.004615575285860717
920,0.004641840621389256,0.00461399446206328
921,0.004642269310211257,0.004612838865574086
922,0.0046421791710573946,0.004611307189016784
923,0.004642021873005346,0.004609715338894963
924,0.00464181718506855,0.004608084589214341
925,0.004641582908860363,0.004606430946408456
926,0.004658061151985712,0.004624484551018366
927,0.004664036742393876,0.004628187214317142
928,0.004666560315992464,0.004627329188153805
929,0.004659796865162934,0.004615080887336148
930,0.0046527336476991305,0.0046066673029995
931,0.004648614300218272,0.004601216694132793
932,0.004662599118457607,0.004617288131602434
933,0.004668629783079962,0.004620537364488419
934,0.004670557681807629,0.004619076161231611
935,0.004661573028383304,0.00460522023433973
936,0.004653923481024582,0.0045963300593749885
937,0.004665830086403,0.004610624515061948
938,0.004672066658190157,0.004613580898280684
939,0.0046736914959761965,0.004611740990018634
940,0.004663145301225922,0.004596742224672149
941,0.004672279589376924,0.004608282647328514
942,0.00467735408743678,0.004609751817502067
943,0.0046663608891856145,0.00459336642795371
944,0.004667337930078672,0.00459556116076529
945,0.004677456788402924,0.004604899360099498
946,0.004667340568734786,0.004588245789840302
947,0.004670034348529557,0.004593228125185161
948,0.004663204875328159,0.004580567422116019
949,0.004666077740265039,0.004584787792690665
950,0.004674333489977802,0.00459404479016305
951,0.004680288730446736,0.004595853914473358
952,0.004669414469995399,0.004579227196820062
953,0.004658944489223251,0.004568667967273687
954,0.004663069097443185,0.00457444880085729
955,0.004672453140776199,0.004584467623613766
956,0.004680645441836364,0.004587773899104249
957,0.004668429741860416,0.004570941952955046
958,0.004659750303863205,0.004561189442172239
959,0.0046645376769572965,0.004567339669218182
960,0.004671710571082675,0.004576369659904574
961,0.004680517110908449,0.004580142285697767
962,0.0046704748162458625,0.004564214997109991
963,0.004660536217535962,0.004554038721169359
964,0.004664791488535233,0.004560000563759875
965,0.004672373681119095,0.004568945108624728
966,0.0046823697174816934,0.0045733543119655514
967,0.004670535030502149,0.004556725180281899
968,0.004661978279919542,0.0045470657826062345
969,0.004666687099028337,0.004553268181244807
970,0.004672217446866472,0.004561247085825998
971,0.004682418947292797,0.004565820140161101
972,0.004672622670223662,0.00455009698006945
973,0.00466287044167911,0.004539999814988813
974,0.004683183301840166,0.004566337968719526
975,0.004676223963445968,0.004548768840882036
976,0.004677306059724352,0.004552938904237238
977,0.004670573972812364,0.004540097572500575
978,0.0046779597686734415,0.004551511773435851
979,0.004675978821196423,0.004547151726103036
980,0.004671927680150138,0.004536277832286396
981,0.004673951729307439,0.00454196686699169
982,0.004685361693111229,0.004551543287983627
983,0.004681565335565946,0.004545338161615599
984,0.004675010506445681,0.004532311821291366
985,0.004696753807225838,0.004559445793726612
986,0.004691119813317261,0.004565045691441769
987,0.0046778035491156075,0.00455584386137327
988,0.004674882874157719,0.004553898639251946
989,0.004675477463479216,0.004554287600529636
990,0.004670783288782424,0.0045471790536464815
991,0.004669810699446247,0.004548505465932014
992,0.004673778878968693,0.004565478433062863
993,0.004721448439195902,0.004535512446329269
994,0.004693675652886193,0.004535642552056717
995,0.00469251148558678,0.004545803056888452
996,0.004684566797849714,0.004544405355046396
997,0.004677200201104589,0.0045537521750370945
998,0.004731651168291563,0.004532841377050554
999,0.00470135335732786,0.004527404541181258
1000,0.0046928958738448896,0.004532686822335986
1001,0.004693589531791061,0.004552114434672899
1002,0.004738848790318408,0.004524938610052617
1003,0.004702304382814758,0.004519645276341403
1004,0.004695561799310849,0.0045261558903173585
1005,0.00468712677859749,0.004522637644217674
1006,0.00467420998398751,0.0045289930443343255
1007,0.004729622263440249,0.00451105527166954
1008,0.004699073752251027,0.004505095494542054
1009,0.004685945660976893,0.004507455166335292
1010,0.004683395736999494,0.004523451129887707
1011,0.004732286243400764,0.004500608329805151
1012,0.004692668273990708,0.004493034414344251
1013,0.004682998603520809,0.004498267814918087
1014,0.004674528108010255,0.004494669470421654
1015,0.004656636324444992,0.004496592323565744
1016,0.004712610326218333,0.004480563313377038
1017,0.004690903432954345,0.004488908713241498
1018,0.004675394182012089,0.00448758515383701
1019,0.004659676056179576,0.004486664411478355
1020,0.004693103776964893,0.004459499904886365
1021,0.004649343896543611,0.004450366708099472
1022,0.004655567701109566,0.004467521371645978
1023,0.004647776845778395,0.004472760381999364
1024,0.004708025797439994,0.0044659918513670046
1025,0.004659698528406101,0.004448782926084793
1026,0.004663757394133185,0.004462579011876437
1027,0.004649634636638942,0.004454818913201011
1028,0.00464516975006369,0.0044657054597499555
1029,0.004696238218858236,0.004442379701209867
1030,0.004674300416758851,0.004447560704193548
1031,0.004653767039589171,0.004441441940390636
1032,0.0046555802917121235,0.004458886121539595
1033,0.004715500072693486,0.004442456295818665
1034,0.00467275310910322,0.004435326487214616
1035,0.004663468896018044,0.00443577569464601
1036,0.004656833815540034,0.004447682860573237
1037,0.004715049063358933,0.004431574211653639
1038,0.004677739188163895,0.004426279768424218
1039,0.004667073298199876,0.004425345718896636
1040,0.004658492811196178,0.004435940812437068
1041,0.0047197547509274995,0.004422162445631
1042,0.004680164487822082,0.0044149797725799925
1043,0.004670242749325869,0.004414304126839595
1044,0.004659345918285902,0.004423243642575063
1045,0.004723903525955813,0.0044117395852908345
1046,0.004682438251501869,0.00440305363313376
1047,0.004672971787829176,0.004402392502595885
1048,0.004659343287347476,0.004409224017771585
1049,0.0047282105098958175,0.00440036236125432
1050,0.004684381628933078,0.004389702736641431
1051,0.004675305925040678,0.00438851020406428
1052,0.004659013269558478,0.004392582574476109
1053,0.004734243628182116,0.004387120104959653
1054,0.004692252602520318,0.004376950922886095
1055,0.0046861931274027905,0.004376846313177572
1056,0.00466760280210146,0.004378017829266402
1057,0.004762944476113663,0.004392404062469491
1058,0.004724834605609155,0.004380237400616786
1059,0.004720348452622047,0.004381055658231795
1060,0.00469674379866808,0.004369458680890199
1061,0.004796022828591599,0.004383355415068807
1062,0.004769529168880757,0.004372223534311255
1063,0.004750369442729359,0.00437516247850878
1064,0.004851964559138635,0.004400010730892129
1065,0.004824102884065527,0.004389425123177507
1066,0.0048054042913342745,0.0043882216090365975
1067,0.004896968068904207,0.0044015215096461
1068,0.004895308225043582,0.004407342814147897
1069,0.00487832117730125,0.004403450812599108
1070,0.004975262501998632,0.004429910845560521
1071,0.0050170048289895144,0.004452674487874226
1072,0.005147775356854931,0.004524930846197468
1073,0.005510856704812289,0.004686877004944792
1074,0.0055079805943366745,0.004672441552900348
1075,0.005508357892161029,0.004653464842980233
1076,0.005529501352649302,0.0046533111772053635
1077,0.005550712798346372,0.004656569778588084
1078,0.005571688472429079,0.004661022798815976
1079,0.005592903894557421,0.004666396752462928
1080,0.005621679320279937,0.004679124097981726
1081,0.005659826711797569,0.0046964363068106
1082,0.005699849244166397,0.004713945063587778
1083,0.00573019426341377,0.004730008408713529
1084,0.0057197864111485225,0.004713968363477392
1085,0.005708996622812667,0.004694222441692679
1086,0.005789931433514745,0.004750293049719497
1087,0.005749228722370865,0.004709559116246989
1088,0.005802379086378107,0.004739844435457228
1089,0.005810476107520136,0.004734910195717193
1090,0.005815822104879511,0.004732231079105286
1091,0.005907651334978246,0.004793432569763933
1092,0.005937006146601037,0.0048076657729324394
1093,0.00590318253828049,0.0047717227672906225
1094,0.005956597701045955,0.004803760367736482
1095,0.005944682704563583,0.004785382158083488
1096,0.0059986349710194386,0.004817715542287387
1097,0.0060433509299778615,0.004844605952437502
1098,0.006064339465530213,0.004850819171975906
1099,0.00605969598345212,0.0048341804532184215
1100,0.006121308536954312,0.004869732775519451
1101,0.00616622377631179,0.004895183095521312
1102,0.006190737637328747,0.004902608917106086
1103,0.0062152231754978,0.004908674198481859
1104,0.006261456528024088,0.0049318139114259444
1105,0.006286754738926416,0.004938831787377538
1106,0.006287017457997284,0.004924712508262738
1107,0.006335095518161267,0.004949869311029496
1108,0.006373676034043535,0.004969955316113195
1109,0.006401826095207526,0.004978967576021887
1110,0.006425414683652585,0.004984184339418048
1111,0.006459860435214098,0.004999616460793756
1112,0.006487682165260526,0.005008025216077001
1113,0.006510270280189523,0.005012737488575019
1114,0.006542188279655069,0.0050262502028681775
1115,0.006571098403636008,0.005035291657554259
1116,0.006594027644105812,0.005040247005873007
1117,0.006623319564525471,0.005052195715122427
1118,0.00665340005364593,0.005062403328210666
1119,0.006676753086310555,0.0050676349124916835
1120,0.0067042029847270606,0.005078049482250693
1121,0.006734975336805232,0.005088499511817179
1122,0.006754569713247156,0.005090570372548432
1123,0.006788253155512357,0.005108166148899382
1124,0.0068223481405623185,0.005124944325543148
1125,0.006846333227546543,0.005135424332111533
1126,0.006850074643468872,0.005133002987763737
1127,0.006890485499159851,0.005153668621892283
1128,0.006905969687412422,0.005157952522769455
1129,0.006925223092442072,0.00516703488110992
1130,0.0069712452044727105,0.00519281130534183
1131,0.0069870026193197725,0.005197473841560776
1132,0.0070029584716521705,0.005204867157002029
1133,0.00706055490312589,0.005238488100373505
1134,0.0070510548897450695,0.005225572591416045
1135,0.007096254604787301,0.005252807276541331
1136,0.007104531786403305,0.005251837811818348
1137,0.0071453733896153825,0.005277196272010742
1138,0.007122810532280356,0.005263639733772775
1139,0.007248604830040687,0.0053483150594021206
1140,0.0071446265421461425,0.005277019376149795
1141,0.007315679308320894,0.005395119482425487
1142,0.007117910312638355,0.005259894787948995
1143,0.0074650976416426856,0.005495373475938194
1144,0.00690433622278449,0.005115767810536061
1145,0.007730138414392228,0.005678952821214254
1146,0.0065704224209108065,0.004888589057984473
1147,0.0074104259157803005,0.005452185519999596
1148,0.007319763770541639,0.005399196098503727
1149,0.00755995075582684,0.005567387682856798
1150,0.007042687625278414,0.0052138965775068635
1151,0.008040251677095607,0.005903535171889758
1152,0.006158609229046235,0.00462952679615698
1153,0.006338107936774114,0.004710138392905425
1154,0.0064101752292679524,0.00475033149217744
1155,0.006599510133485837,0.004880374512258935
1156,0.007341944223365654,0.005407668439375737
1157,0.007883506516157629,0.005810821387134659
1158,0.006659953756867947,0.004976134650854827
1159,0.007905352683921096,0.0058225139534893765
1160,0.00668141802704655,0.004990267549007341
1161,0.00785455180830502,0.005787129456195041
1162,0.006996749173036158,0.005201966207637738
1163,0.008716520841204367,0.00640597364995407
1164,0.00554584263335982,0.004208222919393574
1165,0.005980437851868092,0.00445861197117491
1166,0.005743230122895757,0.004313219640064703
1167,0.0060011651491564556,0.004492376391536403
1168,0.005749520270351438,0.004327814441585207
1169,0.006026805911867313,0.00451694945948609
1170,0.005722194903014522,0.004315752539112565
1171,0.006059963822717717,0.004547102727782002
1172,0.005665093938107725,0.004288300966826109
1173,0.00611053480974491,0.004590606174590528
1174,0.005581226027869181,0.00424038722916701
1175,0.006170797070321709,0.0046386399844074964
1176,0.005362345594188458,0.004066638487594156
1177,0.006227899026700641,0.0046665929946885995
1178,0.005479569699448169,0.004178744683214874
1179,0.006228253621514499,0.004685624366585189
1180,0.0052592737307005375,0.00400720837932372
1181,0.006218394452516373,0.004669997506139844
1182,0.005366541214705437,0.004082233625517288
1183,0.006239368488666924,0.0046933684868375744
1184,0.00521113456454852,0.003981406384047217
1185,0.0062093327855158665,0.004673394451548801
1186,0.005363813392418945,0.004090799136119457
1187,0.006245369781936403,0.004709718439257608
1188,0.005126134173575636,0.003934515776080658
1189,0.006192548629456366,0.004673360045080259
1190,0.005463454120153088,0.004170698284579128
1191,0.006246633827684926,0.004726932658273513
1192,0.004990111921771323,0.0038537107579141128
1193,0.006161278023198667,0.004664236036040926
1194,0.005718385198883034,0.004358614770789871
1195,0.006017576082023895,0.004563196947364434
1196,0.005337162234317561,0.004093047658407549
1197,0.006255622043650756,0.004743913408490717
1198,0.004995788998566557,0.0038688828074200346
1199,0.006176231890125358,0.004693726319022261
1200,0.005722472948194585,0.004373133226833382
1201,0.006019894561923585,0.004578008057608519
1202,0.005295045651899334,0.004079112529318258
1203,0.006243311593790481,0.004739639611272657
1204,0.0050182149203281245,0.0038962209368952456
1205,0.006197121727434253,0.004729645711518734
1206,0.0056136194578952385,0.004317433682114748
1207,0.006150756992412297,0.004691640731391693
1208,0.004937369001555618,0.0038540125304173324
1209,0.006180236302513101,0.004722523302969493
1210,0.0057533460156956855,0.004423543612192134
1211,0.005961068719856763,0.004569719161379553
1212,0.005417500527735309,0.004192490345144151
1213,0.006244980261972213,0.004772706172209211
1214,0.004767032617373444,0.003754050203706271
1215,0.0061509700881737205,0.004728353736610665
1216,0.006025887870409109,0.0046365235002591276
1217,0.0053202548201950845,0.004148597448780284
1218,0.0062725411290439365,0.004818873213710803
1219,0.004820660704575758,0.0038107245852417723
1220,0.0061725944734440695,0.0047680148041734
1221,0.005944564310657502,0.0046032532873381115
1222,0.005557574956961517,0.004334503007371671
1223,0.006189453563646037,0.0047800954524509
1224,0.004798554238679719,0.003813104824285887
1225,0.006176581355331922,0.004794722956073762
1226,0.005991458436130304,0.004657891926553081
1227,0.005453453801433285,0.0042833730997172805
1228,0.006259190852296718,0.004855667241707025
1229,0.004728666937716459,0.0037882424748155764
1230,0.0061662196584212235,0.0048161279793594945
1231,0.006102735123654514,0.004763968328147985
1232,0.005171317759667738,0.0041124238614019095
1233,0.006277197652196913,0.00490335060370024
1234,0.005247811677709521,0.004173549235042714
1235,0.006287012451579341,0.004918854717069076
1236,0.0051365117918363255,0.0041048750091328134
1237,0.0062682581017595605,0.004918482612173352
1238,0.005448493324978584,0.004332937009559912
1239,0.006292078855789803,0.004938136237995483
1240,0.004860167711108652,0.003930164948412145
1241,0.006196882383075007,0.004894163186657862
1242,0.006052280760553526,0.004782272859084473
1243,0.0054842416441657086,0.004380354400976895
1244,0.006280560042061769,0.004951300512798409
1245,0.004986505606259761,0.004037271134410275
1246,0.006222149233684582,0.00493080480040783
1247,0.00595543497211159,0.004731526081465532
1248,0.005808612899043768,0.00462687672512737
1249,0.006040249634360025,0.004793255355973672
1250,0.005596911758416144,0.004478985019942341
1251,0.006250976235921458,0.004951020852495847
1252,0.005173247012176319,0.0041873384396980675
1253,0.0062655082861571695,0.004981866060182656
1254,0.005741912487908537,0.004579528283719911
1255,0.006129172467449557,0.00485795983849701
1256,0.005335427065067086,0.004283298337532194
1257,0.0062728308186197545,0.0049841393471387035
1258,0.005451666425961321,0.004375639006030443
1259,0.0062888283973271935,0.005001402982891181
1260,0.005278088784220289,0.004258025875136425
1261,0.006274667144995598,0.005005441494958668
1262,0.005613854202496331,0.004505475360482748
1263,0.00621975801148971,0.004950800554630545
1264,0.005344066848264464,0.004312552425489803
1265,0.006248538182136832,0.004986371456354991
1266,0.00561450492990513,0.004513256745508633
1267,0.006215144157756279,0.004959331201437876
1268,0.005407020477987099,0.004367665322855341
1269,0.006228253107480269,0.004983014865959974
1270,0.005639885153339175,0.004544658869628246
1271,0.006187916216008247,0.00495030068501328
1272,0.005549323517699961,0.004484002690847532
1273,0.006210483612444037,0.004972594222198497
1274,0.0056304102822986556,0.004547245228869255
1275,0.006191637908843211,0.0049605452197100585
1276,0.005618390402091243,0.004542966105556121
1277,0.006196934348163143,0.004969705690519611
1278,0.005662197565229619,0.004578583451392593
1279,0.006184692732800061,0.004964159751514462
1280,0.005695272484622741,0.004605993234006904
1281,0.006169760313290559,0.004956790690235985
1282,0.005889337649796759,0.00478404319312999
1283,0.005969077813595334,0.004772510401683956
1284,0.006059844031140005,0.004869024133624536
1285,0.005654698593281733,0.004577803943326371
1286,0.00613603550706974,0.004935280887694655
1287,0.005667681211722111,0.004594500758199347
1288,0.00615008992380124,0.004952395779028856
1289,0.005628871322395254,0.004550717731003351
1290,0.006132778318550395,0.0049388092977525316
1291,0.005852403197948431,0.004766294816498541
1292,0.0059636397445318665,0.004784750633276327
1293,0.0060152770507749045,0.004850521821061017
1294,0.005734843304495294,0.004650474959500681
1295,0.006077345279547199,0.004906238320381327
1296,0.005683741825482912,0.004601916864007385
1297,0.00608798216699992,0.00491584740047927
1298,0.0056558353261563525,0.0045848553820573325
1299,0.0060929431583999025,0.004923543320647552
1300,0.0056824199639666974,0.0046078716647015095
1301,0.006075852460313022,0.004914165737143242
1302,0.005734351967893084,0.004649084618500149
1303,0.006015127104208609,0.004875763842955235
1304,0.005872277452922245,0.004754144194403914
1305,0.005886966124028288,0.0047640369731992305
1306,0.005834270221533218,0.004725778602969798
1307,0.0059152260522748685,0.004804933608223317
1308,0.005940025317128495,0.004810204303625784
1309,0.005842617523406008,0.004737333242346774
1310,0.005900393089474772,0.00478121858198297
1311,0.005841159680235828,0.004738518289092634
1312,0.005887646627692127,0.00477455321255562
1313,0.005977832870969799,0.004831594240713859
1314,0.005693074328404738,0.004630307101428949
1315,0.006117972096330057,0.0049399115582884155
1316,0.005579213708774642,0.004550161406016965
1317,0.006167104636369546,0.004983368540027847
1318,0.005778460359623384,0.00472912255985693
1319,0.005896668040939336,0.004775933987077555
1320,0.005992214885276182,0.004872712143124736
1321,0.005829716048975207,0.0047433788393772035
1322,0.006065893034100361,0.004909930964365614
1323,0.0056710763298285305,0.004626276113557005
1324,0.006148386705623468,0.0049771414289533945
1325,0.005827506685817201,0.004772019215967938
1326,0.005978772547844257,0.004824439398576775
1327,0.00583184538679516,0.0047568196015137796
1328,0.006033668112809855,0.004891508609422162
1329,0.005688072067937867,0.004644439742074889
1330,0.0061384553332261,0.004975799763135865
1331,0.005844491605901558,0.004791037817655263
1332,0.005981915406306716,0.004833728045479293
1333,0.005788057981404069,0.004730531804390466
1334,0.006062126656858526,0.004919953148628762
1335,0.005670028947530112,0.004637837375979685
1336,0.006151274941472386,0.004992548539535149
1337,0.005794703179646351,0.004724547941425667
1338,0.0061079024293290785,0.0049570961838263875
1339,0.005735305683995554,0.004690902101468236
1340,0.006076467819175641,0.004945825607179029
1341,0.006031976897362785,0.004898851062406447
1342,0.005956031269238188,0.0048350593327707
1343,0.0059197999539898054,0.004820086468762013
1344,0.005924682752676584,0.004792190702053582
1345,0.005728556924636581,0.004684432293790073
1346,0.005981839689930019,0.004843474730684637
1347,0.005835040184683842,0.004756886073344971
1348,0.005933536383394303,0.00480208099053283
1349,0.0058353846153688365,0.004756628469140099
1350,0.0059192874287704944,0.004793044663711763
1351,0.0058602826866186175,0.004776670869826355
1352,0.006058909515367993,0.004917619265241798
1353,0.005911804375062087,0.004806575022872105
1354,0.005871336238924174,0.004754982475147946
1355,0.0058634665721849135,0.004780954208848909
1356,0.006058534364812872,0.0049197681495110985
1357,0.005891806989108956,0.004797984034418379
1358,0.0060383003554869445,0.004905128900656721
1359,0.005893416322041096,0.0048004418236581685
1360,0.006038210525769781,0.004906303716593473
1361,0.005893460210732088,0.004801967560987297
1362,0.006042911460061432,0.004911227868146634
1363,0.005893433218364243,0.004803508178201914
1364,0.005952170157567064,0.004797213698967657
1365,0.005709714798103146,0.00463950371341466
1366,0.005964255848163902,0.004858307973222049
1367,0.0059419169234365245,0.004837453051690068
1368,0.005969307361590484,0.004858203884885499
1369,0.005962809893695426,0.004853925191956947
1370,0.005910868719807282,0.004821380586211958
1371,0.005945667670882612,0.004798159478362014
1372,0.005692550128952579,0.004633396049704163
1373,0.005983500722335426,0.004877279719593267
1374,0.005884730430776573,0.004804546416117548
1375,0.005948942183022485,0.004803010904119081
1376,0.005688208354541542,0.00463203796756599
1377,0.00598339744770846,0.004879499245638526
1378,0.005882694897181395,0.004805608397153894
1379,0.00595539973353196,0.004811044660016709
1380,0.005672304333248068,0.004623600742305528
1381,0.006026001142929472,0.00491754440702463
1382,0.005895983596166267,0.004821951665779998
1383,0.005962399825308454,0.004819585369579344
1384,0.005660579867516945,0.004617190963839259
1385,0.006044567861388891,0.004933379190675047
1386,0.005835882835185554,0.00472825654861629
1387,0.005752279585731606,0.004687748368213938
1388,0.0058430210247641685,0.0047488317335307355
1389,0.005827156558143265,0.0047754256742204276
1390,0.0059845732768283545,0.004838369506094293
1391,0.005637464649629153,0.004601943515483541
1392,0.006061685572413264,0.0049477581018793175
1393,0.005834912742963428,0.004724283301354138
1394,0.0057552309508925896,0.0046907008302520545
1395,0.005831672406159656,0.004742144132195927
1396,0.00583863314736592,0.004785798987458178
1397,0.006096845089537044,0.004927952133263497
1398,0.00584490159628026,0.0047895326991843415
1399,0.006111343742529254,0.004988622043069839
1400,0.005917508509980609,0.004793342601021523
1401,0.0059282818825327896,0.004847288242406701
1402,0.006037484218889778,0.004930773093583308
1403,0.00594616748965233,0.004815904440424019
1404,0.005874437887316766,0.004808731144854956
1405,0.00598498905247908,0.004859252665631579
1406,0.005805859699258847,0.004752954343037353
1407,0.006001532019894724,0.00487415562814703
1408,0.005817833771769779,0.0047634212216671684
1409,0.005992394829303084,0.004869727043770296
1410,0.005853121277946052,0.004791185501185966
1411,0.006022845157045198,0.004877257858866148
1412,0.005794418767707212,0.004754876373368472
1413,0.005993675848206863,0.004875633784643775
1414,0.005873938678874828,0.004809924528191293
1415,0.006020920908479892,0.0048797502973927966
1416,0.005770312648124246,0.004703678500385041
1417,0.005881256891094387,0.004790668569176054
1418,0.005807546560280079,0.004734644145326146
1419,0.005856116771190281,0.00477305299052445
1420,0.005923494805396101,0.0048503121060400394
1421,0.005983919727753106,0.004855194754439569
1422,0.005842660792143094,0.004796631640271418
1423,0.006036340207196744,0.0048967504996130845
1424,0.005797027235387135,0.004764740478885846
1425,0.006058116464414267,0.004914745358468079
1426,0.00578098604179667,0.004754506327622416
1427,0.005995038860414751,0.0048875674782558375
1428,0.005906269372245421,0.004843343965883562
1429,0.0060296100910722785,0.00489857911127299
1430,0.0057687007531177555,0.004713198595339918
1431,0.0058915413897586795,0.004809267041388619
1432,0.0059153499484941125,0.004852214746051899
1433,0.006005613680524171,0.004880254227624435
1434,0.0058013313531976776,0.004738652149877684
1435,0.0058706101265758445,0.004794863429162311
1436,0.00583229000744934,0.004766364125102495
1437,0.005964695241633407,0.004892215579158293
1438,0.005995079924689567,0.004876854248236771
1439,0.0058106298017236895,0.00474919162851895
1440,0.0058664664600645315,0.004795513031606869
1441,0.005946539903978535,0.004881019285421947
1442,0.0060075160601931995,0.004888663663942065
1443,0.005802160251763888,0.004745663722709793
1444,0.00587603681715928,0.004805645134034293
1445,0.005949502729696117,0.004885881867254975
1446,0.006015074359941553,0.004897823564556634
1447,0.00579802372423547,0.004745608641985594
1448,0.005882699066635909,0.004813746493362044
1449,0.005958345905034922,0.004894936737690815
1450,0.006021836872155764,0.004906604269267794
1451,0.0057937724828720045,0.0047454630546980596
1452,0.005886817892392418,0.004818373399456607
1453,0.0059616382863834205,0.0048995977807011915
1454,0.006030061666620519,0.00491616574959793
1455,0.00578848832108334,0.004744395514039077
1456,0.00589397316831439,0.004827123479419457
1457,0.005935670550570873,0.004849678899400562
1458,0.005885261198721049,0.004844384617695839
1459,0.00605370799698641,0.004934145802489842
1460,0.005780165772737007,0.004740455296137255
1461,0.00589975915838996,0.004834187678068892
1462,0.005935174273151366,0.004852221336885641
1463,0.0058939250257195605,0.004853740585223946
1464,0.006057612194186172,0.004940695191034708
1465,0.005780316803801523,0.00474376214012505
1466,0.00590452995355914,0.004841290001939463
1467,0.0059411811111207274,0.004860237673338253
1468,0.005908138931185866,0.004867242706182167
1469,0.0060627628890044215,0.004948698621826925
1470,0.005777551265999172,0.004744969373517519
1471,0.005910100961777702,0.004849129582257057
1472,0.005947894098532166,0.004868883241930052
1473,0.005951004574070063,0.004906468340111311
1474,0.006061353454255334,0.004951351703008296
1475,0.005783780474080543,0.004752571316469994
1476,0.005994986989575326,0.0049049520118786836
1477,0.005868208453755786,0.004841761716464242
1478,0.006086468637192823,0.004971437951849068
1479,0.005768563694395605,0.004743110576133157
1480,0.005919102426131538,0.004861415152421957
1481,0.005955818765015189,0.004880452800760638
1482,0.005910487987951499,0.004842808157209755
1483,0.005968033559025753,0.004923569815203166
1484,0.006059785880811314,0.004954827332298455
1485,0.005794133352184149,0.004764915898961192
1486,0.005996833525231051,0.004911414406463254
1487,0.005870740445827246,0.004811092068402923
1488,0.005862032478778645,0.004816551188082905
1489,0.00596810417109824,0.004890967525715703
1490,0.005897780803939177,0.0048344507486814915
1491,0.005848824395725696,0.0048080792081710766
1492,0.005977900708940718,0.004900224098141886
1493,0.0059000351802351815,0.004838708899579179
1494,0.00598739474516399,0.004941874581070169
1495,0.006067001462511739,0.004965826894927864
1496,0.005795487447136185,0.004770695577362929
1497,0.006005103720888728,0.0049230512537527076
1498,0.005888398395109727,0.004831988859622987
1499,0.005947247388187114,0.0048741196118936925
1500,0.005949185021647818,0.004915033304160994
