x,y_true,OLS,Ridge,Lasso,FFNN
-1.7349561706538221,-0.26865820390083006,-0.30181433307842553,-0.3017506139687569,-0.1314188976857138,-0.2565572074981275
-1.7233419989547896,-0.24698225895141018,-0.2707120767539095,-0.27067422076106595,-0.16488614878839458,-0.25513015676887185
-1.7163734959353698,-0.20180052969488263,-0.2553504317072708,-0.2553256801605315,-0.1823031221082394,-0.25427392633131835
-1.7117278272557568,-0.23179980529575245,-0.24635725054017144,-0.2463403117959686,-0.19287972360682937,-0.2537031060396161
-1.7070821585761438,-0.2526317379026258,-0.23829532029755995,-0.238285499182453,-0.20266881354533317,-0.2531322857479138
-1.7047593242363372,-0.22235422368811003,-0.23459629845169871,-0.2345897867391571,-0.20727852032674665,-0.2528468756020626
-1.695467986877111,-0.2126307101517798,-0.22185895980782533,-0.22186412408014888,-0.22391310039149537,-0.251705235018658
-1.6838538151780784,-0.27266232405211344,-0.2101028080135876,-0.21011936152197563,-0.24093806190215683,-0.2502781842894023
-1.6675939747994328,-0.290254915142201,-0.20014240550204931,-0.2001697705466441,-0.25855596401884173,-0.24828031326844435
-1.6583026374402066,-0.22141050996250639,-0.19725296011812077,-0.1972842196263187,-0.26576355080177094,-0.24713867268503972
-1.651334134420787,-0.2679644129110627,-0.1961971006465859,-0.19623034540448714,-0.2699582453087942,-0.24628244224748638
-1.646688465741174,-0.2069529271401529,-0.19595916917848655,-0.19599333549010112,-0.27222225248697374,-0.24571162195578414
-1.6397199627217542,-0.212353684811326,-0.19622271763718402,-0.19625771799766056,-0.2748757388505745,-0.24485539151823066
-1.6373971283819477,-0.306613802812242,-0.1964611406641552,-0.1964962832588668,-0.2755730536618394,-0.24456998137237948
-1.632751459702335,-0.2701322446437002,-0.19714259156447156,-0.1971778299464546,-0.2767026228734998,-0.24399916108067723
-1.6304286253625284,-0.23822075336518014,-0.1975788355112087,-0.19761403225944107,-0.2771399631289625,-0.2437137509348261
-1.6257829566829152,-0.21116041920889972,-0.19862602786794525,-0.19866097394240967,-0.2777721525036718,-0.24314293064312378
-1.611845950644076,-0.1975129617606682,-0.20294598896180105,-0.20297900170031724,-0.2778991695692632,-0.241430469768017
-1.6095231163042696,-0.21899647924816418,-0.2038078880281553,-0.20384042804632685,-0.27768607541670215,-0.24114505962216584
-1.6048774476246563,-0.2365131762829426,-0.20562949658507534,-0.20566097968897168,-0.2770785222248501,-0.2405742393304635
-1.6002317789450433,-0.23446331337438342,-0.20756517870134772,-0.20759546842706555,-0.27624285086347167,-0.24000341903876127
-1.5886176072460108,-0.22097566102977545,-0.21278363296709557,-0.2128104324892739,-0.2732587787531195,-0.23857636830950554
-1.5862947729062042,-0.25760146703901565,-0.2138753787550023,-0.21390140630198218,-0.2725235586659472,-0.23829095816365442
-1.5653892638479454,-0.284817506707543,-0.22400308609274688,-0.22402138389422888,-0.2642200819248378,-0.23572226685099412
-1.563066429508139,-0.19309754800962278,-0.22513199578385112,-0.22514937181921013,-0.2631394489364017,-0.23543685670514297
-1.5537750921489129,-0.18366379940766817,-0.22958789458829543,-0.22960151281947105,-0.2585702041463226,-0.23429521612173843
-1.5514522578091063,-0.23289471364964523,-0.2306806951778242,-0.23069336156695996,-0.25737308670710185,-0.23400980597588728
-1.546806589129493,-0.20884397016210732,-0.23283280622036173,-0.23284356104014137,-0.25492230673390365,-0.23343898568418497
-1.5351924174304605,-0.2950882949462383,-0.23797006032727452,-0.23797603269479595,-0.24852313872171633,-0.23201193495492925
-1.528223914411041,-0.2197470156327121,-0.2408495070827783,-0.24085264090973624,-0.24454345583139245,-0.23115570451737585
-1.523578245731428,-0.29293507724941675,-0.2426714652039692,-0.24267273212976193,-0.24185001153467967,-0.23058488422567358
-1.5212554113916215,-0.23022369294785627,-0.24355108840981288,-0.24355143157704617,-0.240494244115456,-0.23029947407982246
-1.518932577051815,-0.2451982653296046,-0.24440897792042549,-0.2444084046469719,-0.2391337467763322,-0.23001406393397128
-1.5026727366731694,-0.2315724069260572,-0.2497611199877472,-0.24975438518471194,-0.2295544102680441,-0.22801619291301337
-1.4957042336537496,-0.19866185391575603,-0.2516810544082553,-0.2516718430435496,-0.2254655332840046,-0.2271599624754599
-1.4724758902556843,-0.22170422996449612,-0.25633662761576836,-0.256320049212281,-0.21222622917763018,-0.22430586101694844
-1.4655073872362647,-0.2525517784289116,-0.2571953467428507,-0.25717685629758513,-0.20843627873492207,-0.22344963057939504
-1.4608617185566517,-0.23040070191353934,-0.25762885870672214,-0.2576091757518988,-0.205969789926677,-0.22287881028769274
-1.4562160498770387,-0.20923846797964257,-0.2579516022906354,-0.2579307941272866,-0.20355578376943761,-0.2223079899959905
-1.4446018781780061,-0.2465719756695584,-0.25827889450978603,-0.2582555743598416,-0.19777241620130614,-0.22088093926673477
-1.4422790438381994,-0.18803819762191193,-0.25826323462113976,-0.2582394644282111,-0.19666193191366602,-0.22059552912088362
-1.4399562094983929,-0.22045782790729515,-0.2582209335613914,-0.258196730931358,-0.19556765530347633,-0.2203101189750325
-1.4329877064789733,-0.16298027502607812,-0.2579362400339127,-0.25791084610320425,-0.19238518990081613,-0.21945388853747907
-1.4283420377993603,-0.19959705146799367,-0.2576172346654726,-0.25759113506281484,-0.19035006021588463,-0.21888306824577675
-1.4236963691197473,-0.21451474638574788,-0.25719721745804147,-0.2571704829876227,-0.18838657660721936,-0.2183122479540745
-1.4213735347799408,-0.2080537189649443,-0.25695001706744947,-0.25692299166054333,-0.18743228924327343,-0.21802683780822332
-1.4167278661003275,-0.23931630563387757,-0.2563826997697989,-0.2563551452947719,-0.18557968759792656,-0.21745601751652105
-1.4097593630809082,-0.2354828173181974,-0.25535412410058544,-0.2553259072008922,-0.18294354537063484,-0.21659978707896765
-1.4074365287411015,-0.21892070144143075,-0.2549652195371399,-0.2549368165285868,-0.18210357209205974,-0.21631437693311645
-1.4027908600614885,-0.25425341541745,-0.25412041180817635,-0.2540916881133981,-0.1804826065429706,-0.21574355664141423
-1.3934995227022624,-0.2302968283576538,-0.2521729830891193,-0.25214382121333223,-0.17747989067831207,-0.21460191605800968
-1.3888538540226492,-0.25483996836109996,-0.2510764166394157,-0.2510471353439456,-0.17609964263788802,-0.21403109576630733
-1.3818853510032296,-0.2306571309810562,-0.24928687313391507,-0.24925753419582541,-0.17418214777560936,-0.2131748653287539
-1.379562516663423,-0.22869085369279082,-0.24865340069549724,-0.24862407432943812,-0.17358391865589795,-0.2128894551829028
-1.3633026762847775,-0.2187441036597907,-0.24374476636529874,-0.24371595560429826,-0.16997073048837322,-0.2108915841619448
-1.356334173265358,-0.21282826394705845,-0.24141062935302005,-0.24138225842128458,-0.16872901413552743,-0.2100353537243914
-1.3540113389255513,-0.22083298837170173,-0.24060506364389722,-0.240576867050311,-0.16835571456266693,-0.2097499435785402
-1.3423971672265187,-0.19587546303700695,-0.2363907485595369,-0.23636362207181505,-0.16679057898967825,-0.20832289284928457
-1.3400743328867122,-0.22111789104493787,-0.23551369585800375,-0.23548682153691947,-0.16653720804202843,-0.2080374827034334
-1.3377514985469057,-0.2032771130527987,-0.23462628282627973,-0.23459967286205696,-0.1663034862142021,-0.20775207255758227
-1.3331058298672926,-0.16825153045365154,-0.23282214902663112,-0.23279610342561385,-0.1658945280101446,-0.20718125226587997
-1.3261373268478729,-0.18117998516968342,-0.23004930675127744,-0.23002419331090307,-0.16542541516699966,-0.2063250218283265
-1.316845989488647,-0.2617894121907657,-0.22624621202913464,-0.22622249128094973,-0.16506345087082924,-0.205183381244922
-1.3122003208090338,-0.20529678501514387,-0.22430706137460615,-0.2242840968185369,-0.16499261760933165,-0.20461256095321967
-1.3098774864692273,-0.24163910512085413,-0.223329586042878,-0.22330701368683625,-0.16498415189239937,-0.20432715080736855
-1.3029089834498078,-0.25744037374095213,-0.2203706299925265,-0.22034928768719367,-0.16506440651391616,-0.2034709203698151
-1.295940480430388,-0.18342529408608277,-0.2173806135347566,-0.21736057624090174,-0.1652991648210546,-0.20261468993226167
-1.2889719774109685,-0.19539077621915904,-0.2143705474226345,-0.2143518833756628,-0.16568303913745264,-0.20175845949470828
-1.2541294623138706,-0.2172047476653397,-0.19938289871766912,-0.19937189006152312,-0.16963037068935044,-0.1974773073069411
-1.2401924562750315,-0.18016037855616324,-0.19359559085211941,-0.193587889972183,-0.17203434283527536,-0.19576484643183428
-1.2332239532556117,-0.17119976131455877,-0.19078103720679573,-0.19077501739545033,-0.17338540596074883,-0.19490861599428086
-1.2262554502361922,-0.21836705185816466,-0.18802941853593502,-0.18802508980130384,-0.1748261748849726,-0.19405238555672744
-1.223932615896386,-0.2196030068556066,-0.18712743275806343,-0.1871236689161413,-0.1753250908454551,-0.1937669754108763
-1.2192869472167727,-0.17567471908726784,-0.18534779997050066,-0.18534516642562204,-0.17634925811068972,-0.193196155119174
-1.2146412785371594,-0.20919686278878707,-0.1836022148572014,-0.1836007108871236,-0.17740668874731721,-0.1926253348274717
-1.20767277551774,-0.21573871758170177,-0.18105165456124395,-0.18105183998901486,-0.1790503189791422,-0.19176910438991832
-1.2053499411779336,-0.19985215909386933,-0.1802204129823055,-0.1802211594117109,-0.17961240319957833,-0.19148369424406717
-1.2030271068381269,-0.16790881934471502,-0.1793989846921593,-0.17940029072815689,-0.18018112226565314,-0.191198284098216
-1.1937357694789008,-0.22079742666630128,-0.17621521542447516,-0.17621874208944677,-0.18251670323594857,-0.19005664351481144
-1.1914129351390943,-0.16812007259135892,-0.17544565768506049,-0.1754497341176573,-0.18311436153689734,-0.18977123336896026
-1.189090100799288,-0.19096156616118026,-0.17468699151052602,-0.1746916151875424,-0.18371695929401236,-0.1894858232231092
-1.1867672664594813,-0.21451933698827302,-0.17393937489776246,-0.17394454311676588,-0.1843242135357806,-0.18920041307725805
-1.1844444321196748,-0.20733995394308768,-0.17320295962769183,-0.17320866950960268,-0.18493584133644955,-0.18891500293140684
-1.1705074260808357,-0.17728192044596874,-0.1690274131166598,-0.16903630295438,-0.1886816293670029,-0.18720254205630008
-1.168184591741029,-0.23344836364081847,-0.16837313543779953,-0.16838254206042702,-0.18931596606985573,-0.18691713191044887
-1.1519247513623834,-0.1589261021860886,-0.16413952393225717,-0.1641524221979198,-0.1938000094934308,-0.18491926088949087
-1.1496019170225769,-0.17335928987476323,-0.1635851311079417,-0.16359850847152124,-0.19444349208368944,-0.18463385074363975
-1.1449562483429636,-0.2137639123389407,-0.16251476275037824,-0.1625290821646459,-0.19572987726778837,-0.18406303045193745
-1.1379877453235443,-0.2214236536780377,-0.16100587734785776,-0.16102156756739916,-0.19765391090639214,-0.18320680001438402
-1.133342076643931,-0.29678699541436526,-0.1600647459059541,-0.16008132039776157,-0.19892974364293847,-0.18263597972268175
-1.1310192423041248,-0.16378643637240087,-0.15961367205680776,-0.15963067945803466,-0.1995647971024616,-0.18235056957683063
-1.128696407964318,-0.1571151413013117,-0.1591756033762195,-0.15919303738802437,-0.2001975864828339,-0.1820651594309795
-1.1263735736245115,-0.16915181158783724,-0.15875054063738236,-0.15876839485372685,-0.2008278467299192,-0.18177974928512833
-1.114759401925479,-0.2254766616301089,-0.15681994710847658,-0.15683980270524955,-0.20393202613587258,-0.18035269855587263
-1.1124365675856724,-0.17050685125048007,-0.1564726204532656,-0.15649285572731753,-0.20454162000341877,-0.18006728841002148
-1.1077908989060594,-0.16911041894100753,-0.15581648648852564,-0.15583745980348684,-0.20574751449709278,-0.17949646811831918
-1.1031452302264462,-0.1732213874132305,-0.155211394343989,-0.15523307673326592,-0.2069340006819365,-0.17892564782661688
-1.1008223958866399,-0.20015812216320733,-0.15492785008345766,-0.15494987595236243,-0.20751934013421416,-0.17864023768076578
-1.0984995615468331,-0.1762679044644104,-0.15465688916470288,-0.1546792510431434,-0.2080990801498441,-0.17835482753491463
-1.0961767272070269,-0.19901738229032023,-0.15439844173178763,-0.15442113207937247,-0.20867297506680765,-0.17806941738906348
-1.0938538928672201,-0.23634682496920034,-0.15415243282421986,-0.15417544403304273,-0.2092407809338734,-0.17778400724321236
-1.0915310585274136,-0.16472952141943473,-0.15391878242834256,-0.15394210682577114,-0.2098022555385674,-0.17749859709736118
-1.0752712181487678,-0.25148171823660037,-0.15262151016756942,-0.1526468071929301,-0.21353533405598743,-0.1755007260764032
-1.0729483838089615,-0.17595988696302756,-0.15248325858818124,-0.15250880542070355,-0.21403765629575067,-0.1752153159305521
-1.0706255494691548,-0.15133860403470184,-0.15235642687485917,-0.15238221538253427,-0.21453154991008694,-0.1749299057847009
-1.0683027151293483,-0.2477791769746,-0.1522408874782295,-0.1522669094914484,-0.21501679147557867,-0.1746444956388498
-1.0659798807895418,-0.18568952869542577,-0.15213650841010917,-0.15216275572430416,-0.21549315957462611,-0.17435908549299867
-1.0590113777701222,-0.16605392828444038,-0.15188894797083385,-0.1519158216500598,-0.21686683941622376,-0.17350285505544524
-1.0566885434303157,-0.20534224457924052,-0.15182780366048565,-0.15185486952487892,-0.21730554030441507,-0.17321744490959406
-1.0450743717312831,-0.13606068492911103,-0.1516754141007155,-0.15170331543140048,-0.2193456512076777,-0.17179039418033837
-1.04042870305167,-0.14892649029875257,-0.1516829104746602,-0.15171108718442916,-0.2200863018196903,-0.1712195738886361
-1.0357830343720569,-0.22513086809372113,-0.1517274132237958,-0.15175583161505468,-0.22078148658888913,-0.1706487535969338
-1.0311373656924439,-0.1646845528729446,-0.15180743564532495,-0.151836062011113,-0.22142966532082237,-0.1700779333052315
-1.0195231939934113,-0.2100605472107501,-0.1521526352103626,-0.15218163431998555,-0.2228346807038088,-0.16865088257597582
-1.0079090222943787,-0.16823322135970165,-0.15268451517238724,-0.15271367806722758,-0.22391411564925215,-0.16722383184672013
-0.9939720162555393,-0.1933295849052502,-0.15353046196743936,-0.15355954961251683,-0.22475016598802577,-0.16551137097161325
-0.9870035132361198,-0.16282342415448847,-0.1540237338738848,-0.15405267476799356,-0.22497045944760807,-0.1646551405340598
-0.9846806788963134,-0.17803281434038232,-0.15419696022564988,-0.15422583630317988,-0.2250136152566038,-0.16436973038820868
-0.9777121758768936,-0.11045560614465055,-0.15473956237153175,-0.154768196946808,-0.22505030571809884,-0.16351349995065523
-0.9730665071972807,-0.15019309395574232,-0.15511786707431074,-0.1551463019395598,-0.22499611343201634,-0.16294267965895298
-0.961452335498248,-0.21958736566671888,-0.15610656688031632,-0.15613437019346055,-0.22457793502567208,-0.16151562892969726
-0.9568066668186349,-0.16741798739821911,-0.15651370166405432,-0.15654120070210453,-0.22429507080924993,-0.160944808637995
-0.9382239921001828,-0.1551666037420969,-0.15815514836117384,-0.15818114840249375,-0.22248123927362637,-0.15866152747118586
-0.9266098204011501,-0.16962902498140947,-0.1591470890328619,-0.15917193508953797,-0.22077742019291507,-0.15723447674193014
-0.9196413173817305,-0.16122746865198817,-0.15971200153883647,-0.15973608010800433,-0.21953910989602093,-0.15637824630437672
-0.9149956487021175,-0.13391483047181907,-0.16007135891857782,-0.1600948959465649,-0.21862231501481327,-0.15580742601267447
-0.9057043113428913,-0.14596997588865773,-0.1607386152859176,-0.1607610006847855,-0.21656732727546163,-0.1546657854292699
-0.9033814770030848,-0.15965598062137792,-0.16089307978961553,-0.1609151635286672,-0.21600710428140785,-0.15438037528341875
-0.8987358083234717,-0.20446683210208874,-0.16118523713927946,-0.16120670170343754,-0.21483050312188945,-0.15380955499171645
-0.8917673053040522,-0.13331824262692527,-0.1615773729261072,-0.16159787050897823,-0.21292448045660595,-0.15295332455416305
-0.887121636624439,-0.18341489150393514,-0.16180483002040802,-0.16182465859148287,-0.21155920337071393,-0.15238250426246072
-0.8685389619059869,-0.11565781013319806,-0.16239531416521746,-0.16241228893361281,-0.20533521456106257,-0.1500992230956516
-0.8662161275661803,-0.1314522833435639,-0.1624287149938901,-0.16244531470191248,-0.2044709439241296,-0.14981381294980045
-0.8592476245467607,-0.1510594376115072,-0.16246860341459435,-0.16248405595499538,-0.20176264413228928,-0.14895758251224703
-0.838342115488502,-0.14298025117538948,-0.1619842852440252,-0.16199612285817722,-0.19259665620715588,-0.14638889119958676
-0.8360192811486955,-0.17503089832574917,-0.16186900007716343,-0.1618804222598884,-0.191481826724116,-0.1461034810537356
-0.8267279437894693,-0.10717792502293558,-0.16127330334379764,-0.16128304121152048,-0.1868301907437363,-0.14496184047033103
-0.8244051094496628,-0.15145962818473538,-0.1610895311255316,-0.1610988427999649,-0.18561929102712474,-0.1446764303244799
-0.8197594407700497,-0.15444445881277225,-0.16067850487746416,-0.16068695877391903,-0.18314005641448172,-0.1441056100327776
-0.803499600391404,-0.08746321772869925,-0.1587591876304053,-0.15876459386349495,-0.17386272933410452,-0.14210773901181964
-0.7942082630321778,-0.12415966591433986,-0.15730552302573653,-0.15730916609516488,-0.168145802910769,-0.14096609842841507
-0.7895625943525649,-0.059810951474217305,-0.15647581727641136,-0.15647857559433653,-0.1651751303903778,-0.1403952781367128
-0.7802712569933388,-0.1171448582768915,-0.15460258720642983,-0.15460357383679302,-0.15901144131813177,-0.1392536375533082
-0.7779484226535323,-0.17556217520281706,-0.1540886008689748,-0.15408914472240376,-0.1574245301158283,-0.13896822740745707
-0.7733027539739191,-0.11116016370609569,-0.1530044981385874,-0.15300415732566108,-0.1541959493709967,-0.13839740711575477
-0.7709799196341126,-0.11122784086216311,-0.1524340174588188,-0.152433234958532,-0.1525544095026684,-0.13811199696990364
-0.7570429135952734,-0.07708082491359192,-0.14860211727153327,-0.14859869997378183,-0.14232804261387233,-0.1363995360947968
-0.754720079255467,-0.13807658067842596,-0.14789373850366427,-0.14788988554588212,-0.1405614810647499,-0.13611412594894567
-0.7361374045370147,-0.07489309486559531,-0.1414816919180737,-0.1414744066761191,-0.1258040391385188,-0.12346184645265015
-0.7268460671777885,-0.09090866378652976,-0.13776453224257246,-0.13775557583744114,-0.1180178640862978,-0.11642287728128803
-0.7059405581195297,-0.09734935958169869,-0.1281057165156403,-0.1280931459077701,-0.09954545536796748,-0.10058519664572356
-0.6873578834010776,-0.10200439608799411,-0.11796932168971352,-0.11795374732595398,-0.08206834588185133,-0.08650725830299962
-0.6734208773622384,-0.054872841230293734,-0.10938643158042272,-0.10936875794138068,-0.06834512462707928,-0.07594880454595673
-0.6687752086826253,-0.0427542760799933,-0.10633665384352042,-0.10631831267785419,-0.06365882100340833,-0.07242931996027567
-0.6641295400030123,-0.07707873056174891,-0.10319205672667398,-0.10317306502054002,-0.0589183034849129,-0.0689098353745945
-0.6618067056632059,-0.09431401130523007,-0.10158414939265548,-0.10156483894184287,-0.05652804753305179,-0.06715009308175432
-0.6478696996243665,-0.04049628919179035,-0.09143753625396389,-0.09141640842644261,-0.04191513135989493,-0.056591639324711146
-0.6432240309447536,-0.046597413983644365,-0.08786517457875753,-0.0878434785324691,-0.036944114014523785,-0.053072154739030264
-0.6385783622651405,-0.10053075941093323,-0.08419787370094767,-0.08417562892986474,-0.03192496526450955,-0.049552670153349174
-0.6339326935855274,-0.08515095153797062,-0.08043580762760172,-0.08041303402237343,-0.026858843086357526,-0.046033185567668194
-0.6292870249059144,-0.030055837740107172,-0.07657921047947447,-0.07655592830873204,-0.021746920269614445,-0.04251370098198731
-0.6269641905661079,-0.05095960427305701,-0.07461555232166983,-0.0745920235818831,-0.01917415405052772,-0.04075395868914672
-0.6246413562263012,-0.05214437711688852,-0.07262837636303843,-0.07260460625457998,-0.016590383935778857,-0.038994216396306354
-0.6083815158476557,-0.009730391364738744,-0.058063988070476746,-0.05803867736386614,0.001791366236643846,-0.026676020346422954
-0.6060586815078491,-0.02976797985777213,-0.055890641749046566,-0.05586513268601401,0.004457679351816013,-0.024916278053582444
-0.5897988411292033,-0.02584117728663876,-0.04003877538356537,-0.04001203445488066,0.023382363360965067,-0.012598082003698776
-0.5874760067893968,0.019066589891744423,-0.03768409986463883,-0.03765720566061592,0.02612118785376283,-0.010838339710858288
-0.5851531724495903,-0.04782118313665626,-0.0353071912609888,-0.0352801495313555,0.0288683532816644,-0.009078597418017826
-0.5712161664107512,-0.04122810602840693,-0.020585148741554704,-0.02055734371712159,0.0455173512296498,0.001479856339025207
-0.566570497731138,0.04102378483678287,-0.0155052498633097,-0.01547723723466543,0.051126300825201365,0.004999340924706296
-0.5479878230126859,0.028349710226457048,0.005648100613211859,0.0056767070158922905,0.07382289164901949,0.019077151560977914
-0.5433421543330728,-0.027520291848738443,0.011138832841372626,0.011167528272737925,0.0795554766795656,0.022596573008201833
-0.5363736513136532,0.025111402644917402,0.019521416282449522,0.019550200633858594,0.0881926413795371,0.027875705179037515
-0.5340508169738468,-0.025345870676806992,0.022353974851333724,0.022382776952135863,0.0910812193750034,0.029635415902649218
-0.5317279826340401,-0.05968110919278202,0.025205415215698856,0.025234229127660157,0.09397427185259548,0.03139512662626132
-0.5294051482942336,0.06703681972546366,0.028075552571850793,0.028104372362712127,0.09687162614566786,0.033154837349872984
-0.5270823139544271,0.04723186811830443,0.030964199047965657,0.030993018792598193,0.0997731093215305,0.03491454807348507
-0.5154681422553945,-0.01591808360042285,0.04567828117220163,0.04570701213800632,0.11433638885411493,0.04371310169154438
-0.513145307915588,0.039120619270701595,0.04867386848744548,0.04870256406962081,0.11725900051841681,0.04547281241515633
-0.5061768048961683,0.04937834578098155,0.057762443438364564,0.05779099787418929,0.12604360914862917,0.05075194458599209
-0.5015311362165553,0.11853328591184426,0.06390418768835637,0.0639326190386642,0.13191224532073886,0.0542713660332158
-0.4899169645175227,0.039124396669769745,0.0795349949942219,0.07956301836667912,0.14661642906185202,0.06306991965127522
-0.4875941301777162,0.06725663194419668,0.08270670765336519,0.08273463242926837,0.14956145067387722,0.06482963037488693
-0.4643657867796509,0.10519853722005401,0.1151881101796306,0.1152147455298067,0.17903691744864056,0.08242673761100587
-0.4620429524398442,0.09672937527507819,0.11850713806554225,0.11853361483761748,0.1819831300143195,0.08418644833461798
-0.45739728376023125,0.046806550095332244,0.12518048104510537,0.1252066249600574,0.18787254970731992,0.08770586978184156
-0.45507444942042474,0.09630895632688713,0.12853426085615105,0.1285602305700495,0.1908154070755872,0.0894655805054534
-0.4411374433815856,0.13238041472914058,0.14887926847907806,0.1489040867699689,0.20843562145920527,0.10002384484712465
-0.4202319343233269,0.10927866988049356,0.1800100550866066,0.18003282108181207,0.234684710088384,0.11586124135963165
-0.41094059696410074,0.10702432416694607,0.19403436253243544,0.19405609925662048,0.24625275443355985,0.12290008425407933
-0.39932642526506806,0.15079551769865235,0.211687292568433,0.21170764859995828,0.260604756997474,0.13169863787213854
-0.3923579222456484,0.1887595632093455,0.22232966106028407,0.2223491412487668,0.2691502193614795,0.13697777004297462
-0.38538941922622894,0.16405007682257433,0.2329997001764239,0.23301827092987448,0.27764084994398686,0.14225690221380988
-0.3714524131873898,0.16549349279504783,0.25438864780215464,0.2544053056592164,0.2944397266884453,0.16456576113315702
-0.36448391016797016,0.2604849773359433,0.2650903074797464,0.26510596536127995,0.30273912468964814,0.17584325970516282
-0.36216107582816365,0.19376672545398477,0.2686564462184782,0.26867176476769483,0.30548968849973007,0.1796024258958313
-0.3598382414883572,0.1909467838309183,0.27222150502620046,0.27223648135205014,0.3082320333064344,0.18336159208649971
-0.355192572808744,0.24281503223148154,0.2793470846649999,0.27936136814402523,0.3136914268238167,0.19087992446783697
-0.3366098980902917,0.19770450598322636,0.3077411151546654,0.3077525254352098,0.33516854301121746,0.2209532539931856
-0.3342870637504852,0.28696252303190056,0.311272795857632,0.3112838366991566,0.33781005364481526,0.22471242018385407
-0.3296413950708722,0.2832917352994723,0.3183208410635938,0.31833113695580195,0.3430626265874049,0.23223075256519116
-0.32499572639125907,0.30389838710952816,0.32534628074355876,0.32535582407542574,0.3482735882452187,0.23974908494652827
-0.3203500577116461,0.25728296983992877,0.3323464948205759,0.33235527856542646,0.3534417319164553,0.2472674173278653
-0.3133815546922264,0.3051803998596851,0.3427937914472885,0.3428014239237438,0.3611110514504159,0.25854491589987116
-0.31105872035241994,0.235451858511943,0.3462607765234722,0.3462680223695047,0.3636447943137521,0.26230408209053957
-0.2901532112941611,0.3147410364629197,0.3770526011638866,0.3770563171983845,0.3859095078143776,0.29613657780655656
-0.276216205255322,0.34044021800643637,0.3970918899510636,0.3970932206417519,0.40017973702629955,0.31869157495056777
-0.2738933709155155,0.3314123658752221,0.4003877902487911,0.4003887222865954,0.40251097221093657,0.3224507411412362
-0.26460203355628936,0.3741211080729024,0.41343413689599995,0.4134334739484382,0.4116963287368766,0.3374874059039104
-0.2553106961970632,0.3622467295084451,0.4262458799319955,0.42624362499686086,0.4206520793357064,0.3525240706665848
-0.24369652449803056,0.4215931027709717,0.4419005809671823,0.4418963475267095,0.4315114486941727,0.37131990161992745
-0.22743668411938492,0.40708846950560224,0.4630775968205887,0.4630706313948796,0.44606109034132435,0.3975954714501456
-0.21582251242035227,0.48540645630716023,0.47762579704128516,0.4776169195945439,0.4559668590467931,0.4163622614443995
-0.21349967808054576,0.43159275331461683,0.4804738874520025,0.4804646324653232,0.4578978518568555,0.42079293279742125
-0.20420834072131963,0.4718895833474421,0.4916517849358968,0.491641038326426,0.4654509716241688,0.44144071240811666
-0.19956267204170663,0.4114347999527253,0.49710823040528584,0.49709675006612564,0.4691235308126026,0.4517646022134643
-0.19027133468248048,0.4719243257653794,0.5077454095337437,0.5077324885941552,0.4762565042674727,0.4724123818241595
-0.1856256660028673,0.44740382541775187,0.5129219621832384,0.5129083354297075,0.47971531106195137,0.48273627162950733
-0.17633432864364135,0.5323741303318761,0.522980805679655,0.5229657988551519,0.486413672739745,0.5033840512402026
-0.12058630448828463,0.6010814546117154,0.5743076464065817,0.5742854440455654,0.5201688729900324,0.5835797890717028
-0.11826347014847814,0.5751454464057912,0.5760846058414657,0.5760621506862256,0.5213263442633687,0.5865128765071798
-0.11129496712905848,0.6349298401828627,0.5812311439220856,0.5812079557358549,0.5246753011869498,0.5953121388136112
-0.10897213278925198,0.6530797629887097,0.5828846410259612,0.5828612170945338,0.5257502613996532,0.5982452262490882
-0.10664929844944551,0.6810391853226447,0.5845068535393185,0.5844831982339409,0.5268044419411062,0.6011783136845653
-0.09735796109021935,0.6805721762808017,0.5906796751774124,0.590655138917267,0.5308122170867037,0.6129106634264735
-0.09503512675041287,0.6542832788051034,0.592143105214566,0.5921183600511037,0.5317616469249781,0.6158437508619505
-0.08806662373099321,0.6473139953438118,0.5963395898109214,0.5963142457533612,0.534483058841284,0.6246430131683819
-0.07877528637176705,0.6707519631580998,0.6014775780209858,0.6014515016741733,0.537813724824957,0.6363753629102901
-0.07645245203196056,0.6727925244539013,0.6026795458745662,0.6026532985085931,0.5385928881613636,0.6393084503457673
-0.07412961769215407,0.6879819345257523,0.60384825756962,0.6038218440694747,0.5393505627484698,0.6422415377812443
-0.06483828033292792,0.6711020109684562,0.6081882637021998,0.608161235108958,0.5421655593483219,0.6539738875231524
-0.05786977731350825,0.7341267670382872,0.6110887059068535,0.6110612686852832,0.544049256646982,0.6625892497149537
-0.05090127429408878,0.6857603155923016,0.6136823236106519,0.6136545236824311,0.5457368723771995,0.6701081951442402
-0.048578439954282286,0.6533916270297935,0.6144782700498661,0.6144503595305233,0.5462556914230962,0.6726145102873359
-0.039287102595056134,0.7153435037133751,0.6173170033579467,0.6172887025699865,0.5481116265892307,0.6826397708597179
-0.034641433915442964,0.7931660170715356,0.6185283631694851,0.6184998987562373,0.548907642388822,0.687652401145909
-0.01605875919699085,0.6992521867677708,0.6219765260416095,0.6219476198897977,0.5512082624854894,0.7077029222906727
-0.004444587497958207,0.7390953617743514,0.62298985486746,0.6229608471268984,0.5519260310713255,0.7024346428648625
-0.0021217531581517175,0.7387058635613988,0.6230867651267813,0.6230577532633381,0.5520029817456282,0.7009992050540276
0.004846749861267946,0.6934727315874984,0.6231657916563185,0.6231367998537065,0.5521005549094236,0.6966928916215229
0.007169584201074629,0.684873178148464,0.6231215595411745,0.6230925852347733,0.5520886498951998,0.6952574538106879
0.009492418540880926,0.7220290413941648,0.6230420460513644,0.6230130946431442,0.5520545317307427,0.6938220159998532
0.018783755900107273,0.7353082517169747,0.6223714073139304,0.6223426014434841,0.5516960021343157,0.6880802647565134
0.03504359627875289,0.7154055788708751,0.6198438749051665,0.6198155303645336,0.5502148522935423,0.6780322000806692
0.04201209929817256,0.7053857219638335,0.6182356829434408,0.6182076158990473,0.549248324071629,0.6737258866481645
0.0536262709972052,0.6991911891279072,0.6148607038451317,0.6148332041909352,0.5471969418662602,0.66654869759399
0.055949105337011494,0.7715865680105609,0.6140821112541124,0.6140547406456252,0.5467207994685891,0.665113259783155
0.06524044269623784,0.6778241377312244,0.6106250235995434,0.6105982203488907,0.5445975855025958,0.6593715085398153
0.07220894571565711,0.727079554257658,0.6076748557581348,0.6076485310744619,0.5427764736941421,0.6550651951073111
0.07453178005546379,0.7366955250910687,0.6066239166878793,0.6065977614897626,0.5421260556889407,0.653629757296476
0.07685461439527048,0.6792103437600217,0.6055393770655009,0.60551339628707,0.5414540085958234,0.6521943194856409
0.10240579213314206,0.6210964455620054,0.5914255374841284,0.5914017918296723,0.5326458778154952,0.6359230068877169
0.10472862647294874,0.6476789122216833,0.5899472902994045,0.5899237757023164,0.5317176391660156,0.63423138071475
0.10705146081275504,0.676368244440197,0.5884371248043134,0.5884138457444079,0.5307683676297469,0.6325397545417836
0.11169712949236842,0.6093738734854928,0.585321649995608,0.5852988552855978,0.52880694419208,0.6291565021958504
0.11401996383217472,0.6197486139044943,0.58371665408196,0.5836941081007279,0.5277949044137579,0.6274648760228839
0.1186656325117877,0.6575759236648477,0.5804129520759531,0.5803909164441121,0.5257084579465888,0.624081623676951
0.12563413553120736,0.5850943781131308,0.5752256364834905,0.5752043979345887,0.5224237740613771,0.6190067451580508
0.12795696987101404,0.5777613938217312,0.5734354193295941,0.5734144547064748,0.521287791384092,0.6173151189850842
0.132602638550627,0.5648889826791512,0.5697643902705769,0.5697439855608168,0.5189545816278242,0.6139318666391509
0.13492547289043372,0.6128280197756331,0.5678839464877221,0.5678638276678276,0.5177574878590675,0.6122402404661843
0.1395711415700467,0.5956818527048153,0.5640341427072331,0.5640146072837027,0.5153026645329696,0.6088569881202514
0.14421681024965965,0.5756465543028211,0.5600670741538689,0.5600481372742365,0.5127674629825238,0.6018819502171081
0.14653964458946636,0.5200484874555296,0.5580400601315203,0.5580214280735465,0.5114699007551431,0.5939640916167953
0.1558309819486923,0.5137757709741924,0.5496469025583677,0.5496295255300394,0.5060816525640296,0.5622926572155471
0.16512231930791826,0.5511893980582552,0.5408077450379283,0.5407916775589552,0.5003803427599429,0.5306212228142984
0.16976798798753162,0.5749339910761044,0.536225298457631,0.5362099050509315,0.49741390899071425,0.514785505613673
0.17209082232733794,0.515805917168731,0.5338941503689938,0.5338790986161213,0.4959020415319371,0.5068676470133615
0.19531916572540323,0.47793912158591384,0.5091752491261765,0.5091637685651342,0.4797539933558174,0.4627718278903559
0.1976420000652099,0.4711208274059469,0.5065680172319222,0.5065569078602996,0.47803828710188134,0.45897338156985795
0.1999648344050162,0.5196061257133777,0.5039371898757237,0.5039264539914434,0.47630461929148005,0.45517493524936026
0.21157900610404884,0.42869627738827826,0.4904383077473229,0.49042947142014626,0.4673703760138336,0.4361827036468708
0.2185475091234685,0.4573260219006719,0.48207282013348607,0.4820651467827348,0.46180082010118967,0.4247873646853771
0.22087034346327516,0.47924653751839646,0.47924160130175597,0.47923431906836544,0.4599101008467006,0.42098891836487895
0.23016168082250113,0.4403977121068983,0.4677105537221209,0.4677048513734219,0.4521791283480482,0.4057951330828875
0.26732703025940574,0.3335445660674789,0.4186119222648319,0.4186127051703652,0.41869446025086143,0.345019991954921
0.2696498645992124,0.3400592637248668,0.4154029844438769,0.41540417710089095,0.41647278072030947,0.3412215456344228
0.2719726989390187,0.3207743377566062,0.41217937968112484,0.4121809821619138,0.4142366900395806,0.33742309931392533
0.2766183676186317,0.34247657450729957,0.40568941790976876,0.40569183995361513,0.4097217946893184,0.3298262066729298
0.27894120195843836,0.2921592193624593,0.40242368789106564,0.4024265195233152,0.4074432519400952,0.3260277603524315
0.2835868706380514,0.3282840133570483,0.3958523047677094,0.39585595481286084,0.4028446375932649,0.31843086771143575
0.290555373657471,0.3633027618565811,0.38590017668423293,0.38590505130483965,0.39584490348536944,0.30703552874994205
0.295201042337084,0.29687464152596627,0.37920577409975476,0.37921146219234814,0.3911121216111483,0.2994386361089464
0.30913804837592335,0.28894135739871757,0.35886451289268173,0.3588726207764541,0.37660774426016846,0.27664795818595866
0.3137837170555363,0.2677775022515492,0.3520066981526577,0.35201560374921925,0.37167469906896283,0.2690510655449631
0.33236639177398863,0.23698072655817443,0.32425792961381195,0.3242699656789165,0.35148205520795384,0.23866349498097966
0.3346892261137949,0.23425212422814284,0.32075901028304354,0.3207714296409563,0.3489086067294863,0.23486504866048225
0.34398056347302125,0.207214043992776,0.30671014939100427,0.3067240809324723,0.33851161356290776,0.21967126337849027
0.3509490664924409,0.22434622154726008,0.29612684090357355,0.2961418825245339,0.33060979010675084,0.20827592441699652
0.36256323819147357,0.19855148509836168,0.27842530466902726,0.27844214490742747,0.3172542367311132,0.19151972736177358
0.36953174121089283,0.2062289007244223,0.2677811318622423,0.2677990172932736,0.30913631601445435,0.18398283952785224
0.3741774098905062,0.21049722457727216,0.26068074711264,0.26069931404119195,0.3036834430613601,0.17942713583924616
0.3811459129099255,0.17213708877075568,0.2500302331803921,0.2500497980701457,0.29544596438566745,0.1725935803063376
0.3834687472497322,0.20951252952111943,0.24648136642262752,0.24650125722674332,0.2926852750192259,0.17031572846203452
0.3904372502691518,0.16321061769222606,0.2358431634305056,0.23586401085420228,0.2843609037607663,0.1634821729291257
0.3950829189487648,0.18492131689892832,0.22876120977687897,0.22878267670964014,0.27877771426274955,0.15892646924051984
0.3974057532885715,0.18874804721092026,0.2252242378646896,0.22524600889345692,0.27597653255588894,0.15664861739621666
0.40205142196818444,0.156311695445653,0.21815987808948556,0.21818224568694777,0.2703558257782413,0.1520929137076109
0.4043742563079908,0.07942688024339545,0.21463311676040497,0.2146557767098889,0.26753663422004514,0.14981506186330829
0.4136655936672171,0.1270073703325056,0.2005694519888248,0.200593240419642,0.2562048569926737,0.14070365448609623
0.4159884280070234,0.1518798239483074,0.19706592395741485,0.19708998398821365,0.2533590017439383,0.13842580264179355
0.4183112623468301,0.13901825476909052,0.19356796395194742,0.19359229126151778,0.2505083201484357,0.13614795079749045
0.42063409668663676,0.12736413377551947,0.19007587601993414,0.1901004662317467,0.24765298184562543,0.1338700989531873
0.42527976536624973,0.18242740260647977,0.18311052555218232,0.18313562822125729,0.2419290153653358,0.12931439526458158
0.4415396057448954,0.09216261786519525,0.15896077484755988,0.15898752547445927,0.2217735356397227,0.11336943235446098
0.4461852744245084,0.12157115718151046,0.15213595008492398,0.152163128294184,0.21598575362210698,0.10881372866585519
0.44850810876431507,0.07024468268017531,0.14873749669066427,0.14876488124265475,0.21308787971879806,0.10653587682155215
0.45315377744392804,0.07561057982952363,0.14196992260296692,0.14199770471807227,0.2072850321786805,0.10198017313294636
0.4554766117837348,0.06776134453423244,0.13860136212899743,0.13862933537689504,0.2043804055483528,0.09970232128864323
0.45779944612354107,0.09610534099842943,0.13524332294604502,0.1352714821706229,0.2014738753133658,0.09742446944434048
0.46244511480315403,0.07905225203867722,0.12855990723785915,0.12858842278203397,0.19565579991124188,0.09286876575573474
0.4670907834827674,0.09693481874694998,0.12192185256375421,0.12195070331582336,0.18983219917513444,0.08831306206712859
0.47173645216238036,0.06434794612303435,0.11533130244521406,0.11536046698638902,0.1840044683473919,0.0837573583785228
0.47405928650218665,0.09878343197612077,0.1120545019919863,0.11208381530380329,0.18108949062692475,0.08147950653422012
0.47638212084199333,-0.0020792859065663083,0.10879036572310063,0.10881982234253051,0.17817400433105096,0.07920165468991702
0.4787049551818,0.12371826626191612,0.10553915164407979,0.10556874607398736,0.17525818426934137,0.07692380284561391
0.48102778952160635,0.033059505820084045,0.10230111545608267,0.10233084216619304,0.17234220530710778,0.07464595100131108
0.48335062386141303,0.08457761092628574,0.09907651052230904,0.09910636395020678,0.16942624235322726,0.07236809915700812
0.4856734582012193,0.12891149124711526,0.09586558783475851,0.09589556238686825,0.16651047034792069,0.07009024731270538
0.487996292541026,0.057957584750348234,0.09266859598115751,0.09269868603375109,0.16359506425045164,0.06781239546840233
0.49496479556044565,0.048722397693817754,0.08316365455162344,0.08319405707696781,0.15485279102369967,0.06097883993549344
0.5042561329196716,0.10559529924838129,0.07070007782828203,0.07073081660121172,0.14321216183351954,0.05186743255828179
0.5181931389585109,0.048507746170020904,0.05248394025857994,0.05251500821210087,0.12580764658942772,0.03820032149246414
0.5205159732983172,0.02614958243704424,0.0495066592149902,0.04953776135086141,0.12291571483954776,0.03592246964816133
0.5251616419779306,0.030468663577337685,0.043604351643992345,0.043635504280158166,0.1171409770255637,0.03136676595955518
0.5298073106575436,-0.02187602256333665,0.03777307455619461,0.03780425379187413,0.11137956275419324,0.026811062270949405
0.5321301449973499,0.0528189112772236,0.03488457056272232,0.03491575410900971,0.10850428463758881,0.024533210426646655
0.5344529793371565,0.03910005710235237,0.03201441596211119,0.032045597814451376,0.10563285617393309,0.022255358582343662
0.5414214823565763,-0.012826611242770736,0.023515943133604722,0.023547083808555413,0.09704339154117562,0.015421803049434732
0.5576813227352219,0.017949345528763483,0.004362573019330185,0.004393406626806318,0.07716809214440597,-0.0005231598606857736
0.5600041570750285,-0.005194567068542211,0.001706182933908451,0.0017369485643179416,0.07435032425483751,-0.0028010117049887887
0.5669726600944478,0.00037254532248043315,-0.0061397739556543485,-0.006109248326979788,0.06593308219968433,-0.009634567237897372
0.5716183287740612,0.0218754891694683,-0.011266248482201924,-0.011235912831493167,0.060353316593253756,-0.014190270926503453
0.5762639974536742,-0.03914868417354808,-0.016308068676012866,-0.016277946885768557,0.05480049163159481,-0.018507361138865655
0.5785868317934805,-0.012714435917904388,-0.018796895896738164,-0.018766889960123656,0.05203459663021326,-0.019722664760327687
0.5832325004730938,-0.010244394930411904,-0.023709739731806678,-0.023679983273577676,0.04652466658628572,-0.022153272003252403
0.5855553348129001,0.009596399729456528,-0.026133508828553254,-0.026103885961172857,0.043780959940249706,-0.023368575624714432
0.5902010034925131,-0.021586201652770698,-0.03091514885564539,-0.0308858107793748,0.03831688020921409,-0.0257991828676389
0.5925238378323198,-0.023174121076139642,-0.033272793353988916,-0.033243606436788475,0.035596832114100696,-0.02701448648910118
0.6064608438711591,0.014090199714827889,-0.04694763180470307,-0.04691947304145572,0.019454568970755134,-0.03430630821787456
0.6273663529294177,0.01589970989371714,-0.0659141782361008,-0.06588794079206561,-0.004129738204196834,-0.04524404081103449
0.6320120216090307,-0.030891342799565513,-0.06987261376987153,-0.06984686290827113,-0.009258535927818917,-0.047674648053958886
0.6343348559488373,-0.0763390068544125,-0.07181654523696324,-0.07179104555700544,-0.011806733461311378,-0.04888995167542119
0.6389805246284503,-0.05020468773293735,-0.07563362676061214,-0.07560864500396303,-0.016869984942829083,-0.051320558918345666
0.6436261933080634,-0.07639579361963653,-0.07935609855219106,-0.07933165515730778,-0.021888067495599364,-0.053751166161270084
0.6529175306672896,-0.06748224788864238,-0.08651635894290788,-0.08649305202286328,-0.03178410063858915,-0.05861238064711905
0.6552403650070959,-0.034565248459475756,-0.08824700899403393,-0.08822399834050287,-0.03422808419919546,-0.0598276842685811
0.6575631993469027,-0.04657398779809896,-0.08995387181475589,-0.08993116217925312,-0.03665977705547338,-0.061042987890043435
0.6645317023663223,-0.027572898387133227,-0.09493171612119866,-0.09490993748520005,-0.04387973030957751,-0.06468889875443015
0.6668545367061286,-0.10198102879753196,-0.09654342820436401,-0.09652196902313115,-0.046260884520092305,-0.0659042023758922
0.6715002053857416,-0.05490169930248873,-0.09969555980102474,-0.09967475285159466,-0.05098413974923981,-0.0683348096188167
0.6877600457643877,-0.11601643137062218,-0.10998181542213548,-0.10996342449124352,-0.06709171866578839,-0.07684193496905244
0.6970513831236136,-0.07523780064142216,-0.11534192427206591,-0.11532500053749573,-0.07598795363074126,-0.08170314945490123
0.7016970518032265,-0.034266147774558164,-0.11788206900091858,-0.11786590063418334,-0.08034886441346582,-0.08413375669782563
0.7086655548226463,-0.08640565940478531,-0.12151885519365635,-0.12150384539692816,-0.08677858464470335,-0.08777966756221241
0.7318938982207115,-0.14163497066479153,-0.13216511027803524,-0.13215415760113203,-0.10720738150748897,-0.09993270377683461
0.7620907446381965,-0.09715022681656493,-0.14274851712880743,-0.1427431763674587,-0.13132615854846402,-0.11573165085584355
0.7783505850168421,-0.15387671988557622,-0.1470173628905096,-0.14701513737899763,-0.14310990384684633,-0.12423877620607908
0.7806734193566488,-0.12064627484773538,-0.14755000376717842,-0.14754822589874106,-0.14472243864838702,-0.1254540798275414
0.7946104253954877,-0.11547722187463333,-0.15035843548194894,-0.15035934723255462,-0.15401946971903085,-0.12840639586369512
0.8015789284149073,-0.05049920635809488,-0.1515223577973268,-0.15152461213187518,-0.15842238819019672,-0.12928295304925602
0.8108702657741333,-0.14770270670619873,-0.15283745808437743,-0.15284149388720714,-0.16403531007193867,-0.1304516959633372
0.8248072718129726,-0.15088664749648553,-0.15433087888730324,-0.15433755462377619,-0.17189751793073635,-0.13220481033445894
0.8340986091721986,-0.08703082683169425,-0.15502821845806025,-0.15503662269797847,-0.17676467952956493,-0.1333735532485401
0.8364214435120053,-0.1642121349990708,-0.15516743155443624,-0.1551762630090927,-0.17793447102665408,-0.13366573897706044
0.8387442778518119,-0.05660153839660653,-0.15529308073311565,-0.15530233722418707,-0.1790854297089034,-0.13395792470558074
0.8410671121916182,-0.12580725151133057,-0.1554054119771262,-0.15541509121941566,-0.1802175426741046,-0.13425011043410104
0.8457127808712313,-0.1317147122629031,-0.15559111441195927,-0.15560163187399123,-0.18242519058802217,-0.13483448189114158
0.8526812838906509,-0.11610945450813709,-0.1557760440503433,-0.1557877990367036,-0.18559512103806097,-0.13571103907670248
0.8619726212498773,-0.06808550945694569,-0.1558586122009178,-0.1558719757918965,-0.18955744439315036,-0.1368797819907837
0.8642954555896836,-0.11659985903474124,-0.15585170350152566,-0.15586546114198274,-0.19050086817101652,-0.13717196771930398
0.8712639586091032,-0.154761782766626,-0.1557690893222139,-0.15578400799066383,-0.1932181343728457,-0.13805025717747454
0.8735867929489098,-0.1743454820517955,-0.15572181452674716,-0.15573711281776248,-0.19408627415693824,-0.1383431182146946
0.8782324616285229,-0.168482749380616,-0.1555992801741981,-0.15561532601058659,-0.19576624923652425,-0.13892884028913466
0.8805552959683292,-0.1529383498942713,-0.15552456496614298,-0.15554097852037785,-0.19657813221635145,-0.1392217013263547
0.8852009646479425,-0.1567142834155449,-0.15534960768998296,-0.15536674406157136,-0.19814582560962918,-0.1398074234007948
0.8968151363469752,-0.12094295887780221,-0.15477620220801036,-0.15479506733333892,-0.20173951549804087,-0.14127172858689502
0.8991379706867815,-0.11665469173532644,-0.1546404306897342,-0.15465962735307137,-0.20240275335036864,-0.14156458962411508
0.9270119827644597,-0.10654843203374748,-0.15259447782255098,-0.1526172388049556,-0.2089421460697145,-0.14507892207075557
0.9363033201236861,-0.1475068365208068,-0.15179287641320194,-0.15181663917530397,-0.21055112165345358,-0.14625036621963575
0.9432718231431058,-0.17136210427161996,-0.15117125564059997,-0.15119570290825024,-0.2115755858511859,-0.14712894933129592
0.945594657482912,-0.12718780693283105,-0.15096166254786514,-0.15098632482804408,-0.2118828252552712,-0.14742181036851593
0.9688230008809773,-0.15034560156200208,-0.14887170790334192,-0.148898139473018,-0.21403879399662634,-0.15035042074071636
0.9734686695605903,-0.16956396352553893,-0.148469335198814,-0.14849603396687971,-0.21427570205256471,-0.1509361428151564
0.9781143382402037,-0.14098037137013128,-0.14807722573997317,-0.14810416164390983,-0.21445005322078597,-0.15152186488959657
0.98043717258001,-0.176032772661824,-0.1478856840886591,-0.14791272714445203,-0.21451408836955144,-0.15181472592681658
0.9990198472984623,-0.16003367839694127,-0.1464960149099186,-0.146523634397969,-0.21448886177793342,-0.1541576142245769
1.001342681638269,-0.1339235760418825,-0.1463439575817258,-0.14637161333405402,-0.21442065960131002,-0.15445047526179698
1.0408308654149798,-0.16160765557970452,-0.14481213018381833,-0.14483914176418455,-0.21126022706363187,-0.1594291128945377
1.0431536997547866,-0.13442727238975813,-0.1447965671089957,-0.14482346555715164,-0.21096657730354174,-0.15972197393175777
1.0501222027742059,-0.2119877795570282,-0.144808139244744,-0.14483464785240585,-0.21002167255007925,-0.1606005529514471
1.0594135401334321,-0.17884390314821075,-0.14496632064213522,-0.14499219205424474,-0.20862008848510005,-0.16177194132075523
1.0640592088130452,-0.12793668074963283,-0.14510970209855234,-0.1451352048474508,-0.20786228478937302,-0.16235763550540927
1.066382043152852,-0.24684650437018524,-0.1451980359263576,-0.1452233418982427,-0.20746987214759666,-0.16265048259773632
1.071027711832465,-0.22315918686528977,-0.14540875845679402,-0.14543364611383502,-0.2066591086895111,-0.16323617678239039
1.0803190491916908,-0.16996665378972808,-0.145970458566822,-0.1459944114420706,-0.20494002302072514,-0.16440756515169844
1.098901723910143,-0.1437855951050732,-0.14768340114280232,-0.14770510119812297,-0.20116279589511832,-0.16675034189031468
1.103547392589756,-0.17312888121857611,-0.14823952641182636,-0.14826058586857105,-0.20015886124054072,-0.1673360360749687
1.1058702269295628,-0.1913613745300829,-0.14853726923730814,-0.1485579971311557,-0.19964928364874918,-0.16762888316729577
1.1105158956091756,-0.20556067470473505,-0.14917248454573784,-0.14919252714573616,-0.19861614776739167,-0.16821457735194978
1.1151615642887887,-0.19810106571105518,-0.1498611041461304,-0.14988043240651905,-0.1975660425275012,-0.16880027153660385
1.1198072329684017,-0.1555252599729345,-0.1506035713172027,-0.15062215684567093,-0.19650099516721936,-0.16938596572125791
1.1244529016480151,-0.1814671097181812,-0.15140024287354947,-0.15141805797654495,-0.19542305637112206,-0.16997165990591198
1.1476812450460803,-0.2026639472544188,-0.15620291682421517,-0.15621649204274224,-0.1899132631297547,-0.1729001308291822
1.1546497480654996,-0.23737834000457125,-0.1579097984638338,-0.1579219865056336,-0.18824730180800842,-0.17377867210616327
1.159295416745113,-0.18445453806372153,-0.15911526973774137,-0.15912650652831495,-0.18714010090882174,-0.1743643662908174
1.1616182510849193,-0.21546945186028582,-0.15973811736906907,-0.15974887099702517,-0.1865883565617302,-0.1746572133831444
1.1639410854247259,-0.21215298415333123,-0.16037429072375264,-0.16038455635010962,-0.18603821758193115,-0.1749500604754714
1.1685867541043389,-0.24446519641079578,-0.1616863308679255,-0.1616956065480073,-0.1849438634567035,-0.17553575466012541
1.1709095884441456,-0.1712900162869253,-0.16236204032443968,-0.16237081435374456,-0.1844002036008474,-0.1758286017524525
1.173232422783952,-0.16759000228661985,-0.1630507607946181,-0.16305902892193336,-0.18385925958919913,-0.1761214488447795
1.1755552571237586,-0.18797959930977873,-0.16375239805086972,-0.1637601561788382,-0.18332131025831025,-0.17641429593710653
1.1825237601431782,-0.19052009168497,-0.16593377428625722,-0.16593997941156058,-0.18172822411347017,-0.1772928372140876
1.1894922631625975,-0.13979315468911674,-0.16822740684993454,-0.16823202789606828,-0.18017215858797353,-0.17817137849106865
1.2011064348616303,-0.16949586363732352,-0.17228967397467,-0.17229159839257768,-0.1776815344554371,-0.1796356139527038
1.2034292692014368,-0.17806205622250076,-0.1731366716963043,-0.17313804992596937,-0.17720135331604897,-0.17992846104503085
1.2057521035412435,-0.20210500426833933,-0.17399478741745034,-0.17399561760399473,-0.17672780579060346,-0.18022130813735787
1.2103977722208565,-0.1757663934585629,-0.17574363563204454,-0.17574336493160336,-0.17580172673485384,-0.18080700232201194
1.2173662752402763,-0.1814655636974731,-0.17844551931434882,-0.1784435882089781,-0.17446931636508362,-0.18168554359899303
1.2196891095800826,-0.1917689505596814,-0.17936628462116255,-0.1793637984246539,-0.17404140889355418,-0.18197839069132007
1.222011943919889,-0.12891448366074182,-0.18029675630736008,-0.1802937145470569,-0.17362207522247405,-0.18227117938752102
1.2243347782596954,-0.1856728639831453,-0.18123670759779875,-0.18123311000763564,-0.17321158955153165,-0.18256394671122075
1.2266576125995021,-0.20014155746399054,-0.18218590549428226,-0.1821817520169562,-0.17281022512045469,-0.18285671403492057
1.2336261156189219,-0.20358197956073365,-0.18508655601491686,-0.18508073665159097,-0.17166357567730978,-0.18373501600602002
1.2359489499587282,-0.2003036030408063,-0.18607028678546467,-0.18606391343533213,-0.17130140674848487,-0.18402778332971978
1.2475631216577607,-0.1893844585779434,-0.19110329378278146,-0.1910941702073714,-0.16965291171792543,-0.18549161994821875
1.2800828024150523,-0.20145789184860513,-0.20594325131891456,-0.2059268054886939,-0.16670399961224805,-0.18959036248001593
1.2847284710946654,-0.20204005593940427,-0.20811607861067194,-0.20809865884754497,-0.16651061922058527,-0.19017589712741556
1.2893741397742784,-0.2343222075439467,-0.2102934378050299,-0.21027506798070555,-0.1663797099865117,-0.1907614317748151
1.3079568144927307,-0.19943097656976075,-0.21898540978810144,-0.21896351803964315,-0.16651402044202793,-0.19310357036441353
1.326539489211183,-0.20322314731477675,-0.22749100647530707,-0.2274661331707315,-0.16777305854270375,-0.1954457089540119
1.3311851578907958,-0.23707771615587017,-0.2295624851248257,-0.22953696558373093,-0.1682734395961749,-0.19603124360141141
1.3358308265704089,-0.24556656788373735,-0.23160488694394554,-0.23157876467877414,-0.16885029553247666,-0.19661677824881107
1.3381536609102156,-0.19013623751793346,-0.23261405542077251,-0.23258764870097703,-0.16916770340803972,-0.19690954557251086
1.3427993295898286,-0.24740393858092194,-0.23460605550943914,-0.234579114859935,-0.1698610294569311,-0.19749508021991044
1.3474449982694416,-0.17144280720590852,-0.236559894640183,-0.23653246822947738,-0.17063302934337338,-0.19808061486731005
1.3520906669490544,-0.18743356737788286,-0.2384719045304866,-0.2384440423299119,-0.171484402902901,-0.19866614951470962
1.3637048386480872,-0.23750793226424338,-0.2430447779946885,-0.24301605639373847,-0.1739636859803791,-0.2001299861332086
1.3776418446869265,-0.23316239543395664,-0.24807593902377523,-0.2480466494889999,-0.17760619649132214,-0.2018865900754074
1.3799646790267333,-0.20555634341915363,-0.2488596905741831,-0.24883035823388244,-0.1782842370525709,-0.20217935739910722
1.389256016385959,-0.2371510030925055,-0.2518217549679189,-0.25179240601039865,-0.18119832626714807,-0.20335042669390635
1.3985473537451851,-0.1793602669301234,-0.25448611567510593,-0.2544570050252579,-0.18443277978416628,-0.20452149598870556
1.4008701880849919,-0.18842120315573058,-0.2551024808637923,-0.25507347069824604,-0.18529084082732272,-0.20481426331240538
1.4031930224247984,-0.2434724745474704,-0.2556981228928965,-0.25566922983105744,-0.18616846725777486,-0.20510703063610522
1.4078386911044114,-0.2560566803663875,-0.25682561320070185,-0.2567970046649206,-0.18798190337053644,-0.20569256528350477
1.4194528628034442,-0.17232971237545103,-0.25925390131514714,-0.25922630224389476,-0.19284773610054795,-0.20715640190200377
1.4217756971432505,-0.19517299427487175,-0.2596696109015051,-0.2596422654909274,-0.19387642234376148,-0.20744916922570353
1.433389868842283,-0.2316999100267422,-0.26137908211954475,-0.26135326689486327,-0.1992854033030039,-0.2089130058442025
1.4426812062015093,-0.1541220030711902,-0.2622847224028835,-0.2622604468711405,-0.20391520449159412,-0.2100840751390017
1.4473268748811223,-0.21071486033584408,-0.2625772717865704,-0.26255387109983985,-0.2063241954352653,-0.21066960978640134
1.449649709220929,-0.18605640848250127,-0.26268259926104776,-0.2626596621060511,-0.20755098538589342,-0.21096237711010116
1.4519725435607354,-0.19042738838123538,-0.26276032740725697,-0.26273787110650026,-0.20879213099070826,-0.2112551444338009
1.454295377900542,-0.2507910971688961,-0.26281024723711965,-0.2627882890355835,-0.21004723271557516,-0.2115479117575007
1.4659095495995746,-0.19826006218333547,-0.26263641930137993,-0.26261720668883726,-0.2165169997946981,-0.2130117483759997
1.468232383939381,-0.2304192374299779,-0.2625159224775899,-0.26249730910378233,-0.2178465621309893,-0.2133045156996995
1.4705552182791877,-0.1864749455910036,-0.26236657568984256,-0.2623485778995285,-0.21918683572594072,-0.21359728302339934
1.4798465556384137,-0.21381575732228641,-0.2614793100700705,-0.2614639341724754,-0.22464416725150327,-0.21476835231819846
1.4868150586578333,-0.2080476427802794,-0.26050875195202217,-0.26049550361034335,-0.22882185921219084,-0.21564665428929788
1.493783561677253,-0.2539621690563403,-0.259277556185344,-0.25926656534030634,-0.2330530886454672,-0.21652495626039728
1.4961063960170595,-0.19481731247160894,-0.2588096536378206,-0.25879944267965804,-0.2344721844223943,-0.2168177235840971
1.5007520646966725,-0.2109867152079381,-0.2577884400620185,-0.2577798278071768,-0.23731900668546055,-0.21740325823149667
1.5100434020558986,-0.2657640000001699,-0.25541007022405715,-0.25540479973893504,-0.24302519935839392,-0.21857432752629583
1.5146890707355116,-0.2512726382647597,-0.2540571143483916,-0.25405357973392384,-0.2458712419306876,-0.21915986217369546
1.5216575737549312,-0.2028851810966866,-0.25183060169580784,-0.2518297407264676,-0.2501113767323815,-0.22003816414479482
1.533271745453964,-0.27292994464561976,-0.247623855628877,-0.2476275981044722,-0.2570361380656586,-0.22150200076329382
1.5425630828131902,-0.25604356640902903,-0.24385242543187857,-0.24385993541224238,-0.2623717299429601,-0.22267307005809303
1.5448859171529965,-0.20648624432196822,-0.24285878220506518,-0.24286723961934342,-0.2636677495142572,-0.22296583738179276
1.5495315858326095,-0.24828050540210247,-0.24081604688950975,-0.24082640007305045,-0.26620579064381655,-0.22355137202919237
1.5634685918714488,-0.23108716902267395,-0.23431017388419662,-0.23432615574060023,-0.27329361302911886,-0.22530797597139118
1.5704370948908684,-0.21767286984753217,-0.23089650129192663,-0.23091521485968158,-0.27647238245494676,-0.22618627794249055
1.5727599292306746,-0.2451218091380881,-0.22974266581696057,-0.22976227041277753,-0.27746797905950754,-0.22647904526619034
1.5750827635704814,-0.21469497223039108,-0.22858304327033707,-0.22860352715020937,-0.27842896438740095,-0.22677181258989013
1.5866969352695142,-0.2468427708286403,-0.2227484434748419,-0.22277310321999266,-0.2826570307062516,-0.22823564920838912
1.59598827262874,-0.2285231921053485,-0.21813204495985872,-0.2181596987704424,-0.2852429216350638,-0.22940671850318833
1.612248113007386,-0.22016282783849647,-0.21053814463193632,-0.2105699833609087,-0.28767743161047454,-0.23145608976908694
1.6145709473471923,-0.22034958027467508,-0.20953703793567513,-0.2095693378126704,-0.2877753935470191,-0.2317488570927867
1.621539450366612,-0.20514196239629717,-0.20671058766204098,-0.20674402515781765,-0.2876466146170886,-0.23262715906388612
1.626185119046225,-0.18997957766967682,-0.20499923005814225,-0.2050332011283622,-0.2871854849430274,-0.2332126937112857
1.6285079533860316,-0.23457965192766483,-0.20420348008615008,-0.20423764425323299,-0.28683520796780637,-0.23350546103498548
1.6401221250850644,-0.2331452835694696,-0.200939602347745,-0.20097390661652526,-0.283787080768083,-0.23496929765348454
1.6540591311239032,-0.21982474700259802,-0.19901397090217188,-0.19904631210436463,-0.2769278099089173,-0.23672590159568327
1.6587047998035167,-0.21754809860972138,-0.19897482060828509,-0.1990059015588983,-0.27376826000458254,-0.2373114362430829
1.6656733028229358,-0.24113246200056415,-0.1995861435663997,-0.19961468920377712,-0.2681283228882039,-0.23818973821418218
1.6679961371627425,-0.240005966207418,-0.19998499090281996,-0.20001250756693878,-0.26599566668753316,-0.238482505537882
1.6772874745219686,-0.19722721336385265,-0.2026715800860046,-0.202693978213226,-0.25611490319394115,-0.23965357483268124
1.6796103088617753,-0.24959983801881092,-0.20363888818631892,-0.20365973969362727,-0.2532903365976036,-0.23994634215638105
1.6912244805608079,-0.27737890868728743,-0.21049255484025764,-0.21050389912375778,-0.23686559847512556,-0.24141017877488002
1.695870149240421,-0.2657343921606711,-0.21427228640119012,-0.21427893179907898,-0.22915287312958954,-0.2419957134222796
1.6981929835802276,-0.2152056757635273,-0.21640643830891548,-0.21641052704937636,-0.22503641593177948,-0.24228848074597947
1.7074843209394535,-0.2394539489981225,-0.22670709338289186,-0.22669948024579867,-0.20674394124421736,-0.24345955004077863
1.7121299896190665,-0.22904688316221963,-0.23300102123972977,-0.2329866133636429,-0.19644425291666145,-0.24404508468817815
1.7144528239588732,-0.2490419477785179,-0.23645606692689114,-0.23643801052986646,-0.19099125954638052,-0.24433785201187802
1.7214213269782928,-0.2150043355233704,-0.24813351043157894,-0.2481034493735521,-0.17336714239589002,-0.24521615398297741
1.7307126643375188,-0.2510542082306575,-0.2670270121611651,-0.2669782964751093,-0.14674697213724963,-0.2463872232777766
1.740004001696745,-0.26821250420917425,-0.29015475631093324,-0.2900840658591335,-0.11628195769588778,-0.24755829257257578
